{"id": "819185162479144960", "id_str": "819185162479144960", "url": "https://x.com/1MikeMorris", "username": "1MikeMorris", "displayname": "Mike Morris", "rawDescription": "First and foremost, I AM FOREVER CANADIAN.\nPierre Poilievre is working hard to ensure I remain a Liberal.", "created": "2017-01-11 14:12:17+00:00", "followersCount": "34876", "friendsCount": "16894", "statusesCount": "147507", "favouritesCount": "394324", "listedCount": "43", "mediaCount": "864", "location": "", "profileImageUrl": "https://pbs.twimg.com/profile_images/1542799613886873601/-qFHZuKy_normal.jpg", "profileBannerUrl": "https://pbs.twimg.com/profile_banners/819185162479144960/1736292752", "protected": "None", "verified": "False", "blue": "False", "blueType": "None", "descriptionLinks": [], "pinnedIds": "[1852637252419035614]", "_type": "snscrape.modules.twitter_api_client.User"}