{"id": "1014251237670313984", "id_str": "1014251237670313984", "url": "https://x.com/_LauraKlassen", "username": "_LauraKlassen", "displayname": "Laura Klassen", "rawDescription": "Anti-Abortion Activist. Founder & Director of @choicefortwo.", "created": "2018-07-03 20:55:13+00:00", "followersCount": "11250", "friendsCount": "534", "statusesCount": "3702", "favouritesCount": "4767", "listedCount": "58", "mediaCount": "685", "location": "Canada", "profileImageUrl": "https://pbs.twimg.com/profile_images/1808476563375071232/VOBi2Dh__normal.jpg", "profileBannerUrl": "https://pbs.twimg.com/profile_banners/1014251237670313984/1574446781", "protected": "None", "verified": "False", "blue": "False", "blueType": "None", "descriptionLinks": [{"url": "http://www.choice42.com", "text": "choice42.com", "tcourl": "https://t.co/5ofIuxOCoG"}], "pinnedIds": "[1822721571338788917]", "_type": "snscrape.modules.twitter_api_client.User"}