{"id": "589134854", "id_str": "589134854", "url": "https://x.com/ACOACanada", "username": "ACOACanada", "displayname": "ACOA Canada", "rawDescription": "Atlantic Canada Opportunities Agency | Terms of use: https://t.co/HmQJNYoHs2 | Fran\u00e7ais : @APECACanada", "created": "2012-05-24 13:51:40+00:00", "followersCount": "11626", "friendsCount": "750", "statusesCount": "8627", "favouritesCount": "2304", "listedCount": "211", "mediaCount": "4007", "location": "Canada", "profileImageUrl": "https://pbs.twimg.com/profile_images/1653386388182650881/XgSgjUl1_normal.jpg", "profileBannerUrl": "https://pbs.twimg.com/profile_banners/589134854/1664616322", "protected": "None", "verified": "False", "blue": "False", "blueType": "Government", "descriptionLinks": [{"url": "http://ow.ly/988330qt9LH", "text": "ow.ly/988330qt9LH", "tcourl": "https://t.co/HmQJNYoHs2"}, {"url": "http://www.canada.ca/acoa", "text": "canada.ca/acoa", "tcourl": "https://t.co/7KXzalihj6"}], "pinnedIds": "[]", "_type": "snscrape.modules.twitter_api_client.User"}