{"id": "854806819923005441", "id_str": "854806819923005441", "url": "https://x.com/airquotesmedia", "username": "airquotesmedia", "displayname": "Air Quotes Media", "rawDescription": "Politics from the inside, out. \u270d\ufe0f\ud83d\uddde\ufe0f#QUOTES \ud83d\udde3\ufe0f\ud83c\udf99\ufe0f#TheHerleBurly \ud83d\udc40\ud83d\udd0e#ThroughTheLookingGlass \ud83e\udd2c\ud83d\uddf3\ufe0f#CurseOfPolitics \ud83c\udfe8\ud83c\udf04#HotelPacifico", "created": "2017-04-19 21:20:02+00:00", "followersCount": "1236", "friendsCount": "63", "statusesCount": "4127", "favouritesCount": "3161", "listedCount": "8", "mediaCount": "221", "location": "", "profileImageUrl": "https://pbs.twimg.com/profile_images/878790863245258752/sg8GBdnM_normal.jpg", "profileBannerUrl": "https://pbs.twimg.com/profile_banners/854806819923005441/1498332166", "protected": "None", "verified": "False", "blue": "False", "blueType": "None", "descriptionLinks": [{"url": "https://www.airquotesmedia.com", "text": "airquotesmedia.com", "tcourl": "https://t.co/JtkQDExEez"}], "pinnedIds": "[]", "_type": "snscrape.modules.twitter_api_client.User"}