{"id": "1327666400", "id_str": "1327666400", "url": "https://x.com/Alan_G_Smith_BC", "username": "Alan_G_Smith_BC", "displayname": "Alan Smith", "rawDescription": "Skeptic and mixed politically. I have run tech companies and currently have a biotech innovation that I am passionate about. Safe antimicrobial cleanser. Vesta.", "created": "2013-04-04 19:34:48+00:00", "followersCount": "3428", "friendsCount": "4982", "statusesCount": "92357", "favouritesCount": "58459", "listedCount": "28", "mediaCount": "2085", "location": "Vancouver BC Canada ", "profileImageUrl": "https://pbs.twimg.com/profile_images/378800000780851966/3deb740ba3e61a09be30cb2ded07ac91_normal.jpeg", "profileBannerUrl": "None", "protected": "None", "verified": "False", "blue": "True", "blueType": "None", "descriptionLinks": [{"url": "http://www.vestahealthsystems.com", "text": "vestahealthsystems.com", "tcourl": "https://t.co/3IQQrRQM9A"}], "pinnedIds": "[1540548284409708544]", "_type": "snscrape.modules.twitter_api_client.User"}