{"id": "240274902", "id_str": "240274902", "url": "https://x.com/alexthecomic", "username": "alexthecomic", "displayname": "Alexander Lasarev", "rawDescription": "Comedian. Truth Seeker. Love Superspreader. \nQuotes:\n\"It's fun, because we are one!\"\n\"Only the love is real\"\n\"Know yourSELF, you'll know the whole world\"", "created": "2011-01-19 15:11:42+00:00", "followersCount": "3433", "friendsCount": "94", "statusesCount": "160", "favouritesCount": "426", "listedCount": "29", "mediaCount": "13", "location": "Vancouver, BC", "profileImageUrl": "https://pbs.twimg.com/profile_images/1377789038543822848/gvEK4pCC_normal.jpg", "profileBannerUrl": "https://pbs.twimg.com/profile_banners/240274902/1617325625", "protected": "None", "verified": "False", "blue": "True", "blueType": "None", "descriptionLinks": [{"url": "https://www.AlexLasarev.com", "text": "AlexLasarev.com", "tcourl": "https://t.co/kKWTwnka0Q"}], "pinnedIds": "[]", "_type": "snscrape.modules.twitter.User"}