{"id": "572908094", "id_str": "572908094", "url": "https://x.com/AlexCosh_", "username": "AlexCosh_", "displayname": "Alex Cosh", "rawDescription": "News editor, @readthemaple. Cohost @ExpatsAndAllies. Also on Bsky.", "created": "2012-05-06 18:45:23+00:00", "followersCount": "3220", "friendsCount": "1058", "statusesCount": "7690", "favouritesCount": "22711", "listedCount": "24", "mediaCount": "317", "location": "Canada", "profileImageUrl": "https://pbs.twimg.com/profile_images/1719111038317273088/bHc3i9qO_normal.jpg", "profileBannerUrl": "https://pbs.twimg.com/profile_banners/572908094/1685843489", "protected": "None", "verified": "False", "blue": "True", "blueType": "None", "descriptionLinks": [{"url": "https://action.readthemaple.com/sign-up-for-the-maple", "text": "action.readthemaple.com/sign-up-for-th\u2026", "tcourl": "https://t.co/2fnhA5TgON"}], "pinnedIds": "[1876309355202847090]", "_type": "snscrape.modules.twitter_api_client.User"}