{"id": "114358452", "id_str": "114358452", "url": "https://x.com/AlexFromBarrie", "username": "AlexFromBarrie", "displayname": "Alex Nuttall", "rawDescription": "Father, and soccer coach, @cityofbarrie Mayor, former City Councillor and MP for Barrie\u2013Springwater\u2013Oro Medonte. @LFC supporter.", "created": "2010-02-15 04:13:02+00:00", "followersCount": "4810", "friendsCount": "1557", "statusesCount": "7187", "favouritesCount": "5317", "listedCount": "80", "mediaCount": "1565", "location": "Barrie, Ontario", "profileImageUrl": "https://pbs.twimg.com/profile_images/1649528567280070657/zV8QI1yc_normal.jpg", "profileBannerUrl": "https://pbs.twimg.com/profile_banners/114358452/1682113242", "protected": "None", "verified": "False", "blue": "False", "blueType": "None", "descriptionLinks": [{"url": "https://barrie.ca", "text": "barrie.ca", "tcourl": "https://t.co/EsUvts6PLZ"}], "pinnedIds": "[1859708615382249519]", "_type": "snscrape.modules.twitter_api_client.User"}