{"id": "163523339", "id_str": "163523339", "url": "https://x.com/angeloisidorou", "username": "angeloisidorou", "displayname": "Angelo Isidorou", "rawDescription": "\u201cNightmare Fuel For Progressives.\u201d \u2014 Mo Amir | Executive Director @conservative_bc | RTs \u2260 endorsements. \ud83c\uddec\ud83c\uddf7\ud83c\udde8\ud83c\udde6", "created": "2010-07-06 16:49:21+00:00", "followersCount": "10970", "friendsCount": "1862", "statusesCount": "6312", "favouritesCount": "10742", "listedCount": "84", "mediaCount": "543", "location": "", "profileImageUrl": "https://pbs.twimg.com/profile_images/1412159427713519637/oaxvPIS__normal.jpg", "profileBannerUrl": "https://pbs.twimg.com/profile_banners/163523339/1727418690", "protected": "None", "verified": "False", "blue": "True", "blueType": "None", "descriptionLinks": [], "pinnedIds": "[1847938125114626492]", "_type": "snscrape.modules.twitter_api_client.User"}