{"id": "1398866491", "id_str": "1398866491", "url": "https://x.com/Aronlageribc", "username": "Aronlageribc", "displayname": "Aron Lageri", "rawDescription": "Husband, Father, and Healthcare Advocate with 22 years of experience across various roles, including judge & coordinator.\nClick below to learn more about me!", "created": "2013-05-03 04:43:44+00:00", "followersCount": "417", "friendsCount": "716", "statusesCount": "1189", "favouritesCount": "2761", "listedCount": "6", "mediaCount": "163", "location": "Vancouver, British Columbia", "profileImageUrl": "https://pbs.twimg.com/profile_images/1783253619439022080/HKTo2-dN_normal.jpg", "profileBannerUrl": "https://pbs.twimg.com/profile_banners/1398866491/1729832009", "protected": "None", "verified": "False", "blue": "True", "blueType": "None", "descriptionLinks": [{"url": "https://www.conservativebc.ca/aron_lageri_nominated_in", "text": "conservativebc.ca/aron_lageri_no\u2026", "tcourl": "https://t.co/exDrDKoCOb"}], "pinnedIds": "[1866860438903984197]", "_type": "snscrape.modules.twitter_api_client.User"}