{"id": "1385573340799176704", "id_str": "1385573340799176704", "url": "https://x.com/AutumnPeltier1", "username": "AutumnPeltier1", "displayname": "Autumn Peltier, Water Advocate", "rawDescription": "Anishinaabe-Kwe from Wiikwemkoong, Manitoulin Island Chief Water Commissioner Anishinabek Nation", "created": "2021-04-23 12:36:53+00:00", "followersCount": "4667", "friendsCount": "129", "statusesCount": "3", "favouritesCount": "9", "listedCount": "27", "mediaCount": "0", "location": "Ottawa, Ontario", "profileImageUrl": "https://pbs.twimg.com/profile_images/1385574542740017158/v_MJVFfB_normal.jpg", "profileBannerUrl": "None", "protected": "None", "verified": "False", "blue": "False", "blueType": "None", "descriptionLinks": [], "pinnedIds": "[]", "_type": "snscrape.modules.twitter.User"}