{"id": "1392614689662808065", "id_str": "1392614689662808065", "url": "https://x.com/awakeandseeing", "username": "awakeandseeing", "displayname": "\ud83c\udde8\ud83c\udde6Andrea-Freedom-Gal\u2122\ud83c\udde8\ud83c\udde6", "rawDescription": "\ud83d\udeabMass Immigration\ud83d\udc37Vegetarian 4 animals and not for Gates\ud83e\ude78Pureblood\ud83c\udf41Follow and Subscribe\ud83d\udc46\ud83d\udcaaOnly my subs can DM me \ud83d\udce7", "created": "2021-05-12 22:56:37+00:00", "followersCount": "27309", "friendsCount": "7899", "statusesCount": "34363", "favouritesCount": "92926", "listedCount": "50", "mediaCount": "1882", "location": "Onterrible", "profileImageUrl": "https://pbs.twimg.com/profile_images/1849316092419723264/RQki4V_n_normal.jpg", "profileBannerUrl": "https://pbs.twimg.com/profile_banners/1392614689662808065/1729740420", "protected": "None", "verified": "False", "blue": "False", "blueType": "None", "descriptionLinks": [{"url": "https://buymeacoffee.com/andreafreedomgal", "text": "buymeacoffee.com/andreafreedomg\u2026", "tcourl": "https://t.co/Qj3JqVdpgh"}], "pinnedIds": "[1841840811647865159]", "_type": "snscrape.modules.twitter_api_client.User"}