{"id": "1587068599", "id_str": "1587068599", "url": "https://x.com/Balcy2", "username": "Balcy2", "displayname": "Wayne Balcaen", "rawDescription": "MLA for Brandon West, Chief, Brandon Police Service - Retired, Manitoba, Canada. Husband, father, G-Pa and exceptionally average fisherman. tweets are my own.", "created": "2013-07-11 23:21:04+00:00", "followersCount": "765", "friendsCount": "286", "statusesCount": "4596", "favouritesCount": "10595", "listedCount": "7", "mediaCount": "277", "location": "Brandon, Manitoba", "profileImageUrl": "https://pbs.twimg.com/profile_images/1674155458364420099/pja4nt2f_normal.jpg", "profileBannerUrl": "https://pbs.twimg.com/profile_banners/1587068599/1490241595", "protected": "None", "verified": "False", "blue": "False", "blueType": "None", "descriptionLinks": [], "pinnedIds": "[]", "_type": "snscrape.modules.twitter_api_client.User"}