{"id": "94021685", "id_str": "94021685", "url": "https://x.com/bcbluecon", "username": "bcbluecon", "displayname": "Dean Skoreyko", "rawDescription": "One BC Conservative's view on it all", "created": "2009-12-02 04:41:07+00:00", "followersCount": "22516", "friendsCount": "12", "statusesCount": "398006", "favouritesCount": "4", "listedCount": "144", "mediaCount": "26028", "location": "", "profileImageUrl": "https://pbs.twimg.com/profile_images/1354952198061318146/odeTzLZt_normal.jpg", "profileBannerUrl": "https://pbs.twimg.com/profile_banners/94021685/1558917669", "protected": "None", "verified": "False", "blue": "True", "blueType": "None", "descriptionLinks": [{"url": "http://bcblue.wordpress.com", "text": "bcblue.wordpress.com", "tcourl": "https://t.co/qJW3hiPQi9"}], "pinnedIds": "[]", "_type": "snscrape.modules.twitter_api_client.User"}