{"id": "1636142508", "id_str": "1636142508", "url": "https://x.com/BCCFP", "username": "BCCFP", "displayname": "BC College of Family Physicians", "rawDescription": "We are the professional home of family medicine in BC, providing leadership, support, advocacy & education to over 7000 members.", "created": "2013-07-31 19:02:52+00:00", "followersCount": "2724", "friendsCount": "1973", "statusesCount": "5812", "favouritesCount": "1934", "listedCount": "44", "mediaCount": "1186", "location": "British Columbia", "profileImageUrl": "https://pbs.twimg.com/profile_images/1671918313709137923/oLlhbzt5_normal.png", "profileBannerUrl": "https://pbs.twimg.com/profile_banners/1636142508/1737155177", "protected": "None", "verified": "False", "blue": "False", "blueType": "None", "descriptionLinks": [{"url": "http://bccfp.bc.ca", "text": "bccfp.bc.ca", "tcourl": "https://t.co/3UEh6m6ldT"}], "pinnedIds": "[]", "_type": "snscrape.modules.twitter_api_client.User"}