{"id": "123704078", "id_str": "123704078", "url": "https://x.com/BCNDPCaucus", "username": "BCNDPCaucus", "displayname": "BC New Democrat Caucus", "rawDescription": "Your team of New Democrat MLAs in the British Columbia Legislature.", "created": "2010-03-17 00:06:12+00:00", "followersCount": "8576", "friendsCount": "1071", "statusesCount": "9865", "favouritesCount": "8168", "listedCount": "165", "mediaCount": "501", "location": "British Columbia", "profileImageUrl": "https://pbs.twimg.com/profile_images/1823747524924219392/tO8FS4Ow_normal.jpg", "profileBannerUrl": "https://pbs.twimg.com/profile_banners/123704078/1731615694", "protected": "None", "verified": "False", "blue": "False", "blueType": "None", "descriptionLinks": [{"url": "https://bcndpcaucus.ca", "text": "bcndpcaucus.ca", "tcourl": "https://t.co/ShwUcnCwT0"}], "pinnedIds": "[]", "_type": "snscrape.modules.twitter_api_client.User"}