{"id": "234544107", "id_str": "234544107", "url": "https://x.com/benoitm_mtl", "username": "benoitm_mtl", "displayname": "Benoit Martin \u269c", "rawDescription": "\u20b5\u00d8\u20a5\u20b1\u2c60\u00d8\u20ae\u0142\u20b4\u20ae\u0246\n\nJe partage ici ce que je d\u00e9couvre ailleurs sur les r\u00e9seaux.\nLes trolls, rageux et haineux \ud83d\udc49\ud83d\udebd", "created": "2011-01-05 22:44:58+00:00", "followersCount": "34027", "friendsCount": "11629", "statusesCount": "115900", "favouritesCount": "150767", "listedCount": "172", "mediaCount": "40074", "location": "Montr\u00e9al, Qu\u00e9bec", "profileImageUrl": "https://pbs.twimg.com/profile_images/1874832157790597120/mtc5N9f3_normal.jpg", "profileBannerUrl": "https://pbs.twimg.com/profile_banners/234544107/1595558896", "protected": "None", "verified": "False", "blue": "False", "blueType": "None", "descriptionLinks": [], "pinnedIds": "[1884076545050059197]", "_type": "snscrape.modules.twitter_api_client.User"}