{"id": "17221430", "id_str": "17221430", "url": "https://x.com/BillTieleman", "username": "BillTieleman", "displayname": "Bill Tieleman", "rawDescription": "West Star Communications president: strategy, communications, govt relations; won 4 BC referenda; wine & food guy at: https://t.co/8bdvO1AASh", "created": "2008-11-06 22:48:35+00:00", "followersCount": "10449", "friendsCount": "2018", "statusesCount": "57758", "favouritesCount": "58063", "listedCount": "283", "mediaCount": "2603", "location": "Vancouver", "profileImageUrl": "https://pbs.twimg.com/profile_images/1588602878591393792/JcbUJ9Lq_normal.jpg", "profileBannerUrl": "https://pbs.twimg.com/profile_banners/17221430/1545055973", "protected": "None", "verified": "False", "blue": "True", "blueType": "None", "descriptionLinks": [{"url": "http://WineBarbarian.ca", "text": "WineBarbarian.ca", "tcourl": "https://t.co/8bdvO1AASh"}, {"url": "http://billtieleman.blogspot.ca", "text": "billtieleman.blogspot.ca", "tcourl": "https://t.co/qH1ZNitywK"}], "pinnedIds": "[]", "_type": "snscrape.modules.twitter_api_client.User"}