{"id": "1377360972", "id_str": "1377360972", "url": "https://x.com/BrainCanada", "username": "BrainCanada", "displayname": "Brain Canada", "rawDescription": "Brain Canada is a national non-profit organization that enables and supports excellent, innovative, paradigm-changing brain research in Canada. #BrainCanada", "created": "2013-04-24 16:00:23+00:00", "followersCount": "9218", "friendsCount": "2608", "statusesCount": "7864", "favouritesCount": "3062", "listedCount": "198", "mediaCount": "2067", "location": "Canada", "profileImageUrl": "https://pbs.twimg.com/profile_images/1501656831512518656/ksmLy74S_normal.jpg", "profileBannerUrl": "https://pbs.twimg.com/profile_banners/1377360972/1726592942", "protected": "None", "verified": "False", "blue": "False", "blueType": "None", "descriptionLinks": [{"url": "http://www.braincanada.ca", "text": "braincanada.ca", "tcourl": "https://t.co/KngGrYoc5V"}], "pinnedIds": "[]", "_type": "snscrape.modules.twitter_api_client.User"}