{"id": "191973725", "id_str": "191973725", "url": "https://x.com/brandongonez", "username": "brandongonez", "displayname": "Brandon Gonez", "rawDescription": "Host of The Brandon Gonez Show on YouTube! CEO of @gonezmedia", "created": "2010-09-17 21:11:14+00:00", "followersCount": "23500", "friendsCount": "1031", "statusesCount": "15459", "favouritesCount": "11238", "listedCount": "106", "mediaCount": "3393", "location": "Toronto, Canada", "profileImageUrl": "https://pbs.twimg.com/profile_images/1511179977999495172/iEI4-owb_normal.jpg", "profileBannerUrl": "https://pbs.twimg.com/profile_banners/191973725/1643811630", "protected": "None", "verified": "False", "blue": "True", "blueType": "None", "descriptionLinks": [{"url": "https://linktr.ee/brandongonezshow", "text": "linktr.ee/brandongonezsh\u2026", "tcourl": "https://t.co/9ZEy0cRqcP"}], "pinnedIds": "[1612500247082635275]", "_type": "snscrape.modules.twitter.User"}