{"id": "1519066468633047040", "id_str": "1519066468633047040", "url": "https://x.com/bruce_mcgonigal", "username": "bruce_mcgonigal", "displayname": "Bruce McGonigal", "rawDescription": "\ud83c\udde8\ud83c\udde6 & \ud83c\uddfa\ud83c\uddf8 The WEF agenda is Fascism 2.0. Never forget, they forced people to take bogus \"vaccines\" based on their lies and 'Great Reset' agenda. \ud83c\udde8\ud83c\udde6 & \ud83c\uddfa\ud83c\uddf8", "created": "2022-04-26 21:30:51+00:00", "followersCount": "15895", "friendsCount": "2414", "statusesCount": "47275", "favouritesCount": "109231", "listedCount": "6", "mediaCount": "21912", "location": "", "profileImageUrl": "https://pbs.twimg.com/profile_images/1586156022871494656/cw-eAXH8_normal.jpg", "profileBannerUrl": "https://pbs.twimg.com/profile_banners/1519066468633047040/1718477944", "protected": "None", "verified": "False", "blue": "True", "blueType": "None", "descriptionLinks": [], "pinnedIds": "[1879993542246035898]", "_type": "snscrape.modules.twitter_api_client.User"}