{"id": "1041391271602868224", "id_str": "1041391271602868224", "url": "https://x.com/BurnabyClimate", "username": "BurnabyClimate", "displayname": "Burnaby Climate Hub", "rawDescription": "Sharing stories about why we need to take #climateaction from around the world. Part of https://t.co/pOfZCONV5K\nIG: https://t.co/HCQXhYkEHn\u2026", "created": "2018-09-16 18:20:02+00:00", "followersCount": "632", "friendsCount": "741", "statusesCount": "8951", "favouritesCount": "7616", "listedCount": "9", "mediaCount": "266", "location": "Burnaby, British Columbia", "profileImageUrl": "https://pbs.twimg.com/profile_images/1053080559075831808/waz4KFgV_normal.jpg", "profileBannerUrl": "https://pbs.twimg.com/profile_banners/1041391271602868224/1539908944", "protected": "None", "verified": "False", "blue": "False", "blueType": "None", "descriptionLinks": [{"url": "http://climatehub.ca", "text": "climatehub.ca", "tcourl": "https://t.co/pOfZCONV5K"}, {"url": "http://instagram.com/burnabyclimate", "text": "instagram.com/burnabyclimate", "tcourl": "https://t.co/HCQXhYkEHn"}, {"url": "http://climatehub.strikingly.com/blog/burnaby", "text": "climatehub.strikingly.com/blog/burnaby", "tcourl": "https://t.co/EneSLkHW0n"}], "pinnedIds": "[]", "_type": "snscrape.modules.twitter_api_client.User"}