{"id": "28370071", "id_str": "28370071", "url": "https://x.com/CanadianGreens", "username": "CanadianGreens", "displayname": "Green Party of Canada", "rawDescription": "You believe in a Green revolution? Join @ElizabethMay to turn hope into action! \ud83d\udc9a Tomorrow starts today. En fran\u00e7ais @LesVertsCanada", "created": "2009-04-02 16:38:50+00:00", "followersCount": "189974", "friendsCount": "1733", "statusesCount": "16488", "favouritesCount": "1451", "listedCount": "1505", "mediaCount": "3234", "location": "Canada", "profileImageUrl": "https://pbs.twimg.com/profile_images/1602446110659936256/mJU_hKKi_normal.jpg", "profileBannerUrl": "https://pbs.twimg.com/profile_banners/28370071/1721830143", "protected": "None", "verified": "False", "blue": "False", "blueType": "None", "descriptionLinks": [{"url": "http://greenparty.ca", "text": "greenparty.ca", "tcourl": "https://t.co/H9NYCfHiEK"}], "pinnedIds": "[1858616117981573300]", "_type": "snscrape.modules.twitter_api_client.User"}