{"id": "1707614821754249216", "id_str": "1707614821754249216", "url": "https://x.com/CanadaFreedom0", "username": "CanadaFreedom0", "displayname": "Canada Freedom", "rawDescription": "Conservative Media Relying on Canadian Values\n\ud83c\udde8\ud83c\udde6\nBuy Us A Coffee! Link in Bio", "created": "2023-09-29 04:34:40+00:00", "followersCount": "827", "friendsCount": "846", "statusesCount": "1853", "favouritesCount": "43", "listedCount": "5", "mediaCount": "1561", "location": "", "profileImageUrl": "https://pbs.twimg.com/profile_images/1707618577946390528/lnJeZiZy_normal.jpg", "profileBannerUrl": "https://pbs.twimg.com/profile_banners/1707614821754249216/1711138557", "protected": "None", "verified": "False", "blue": "True", "blueType": "None", "descriptionLinks": [{"url": "https://linktr.ee/CanadaFreedom", "text": "linktr.ee/CanadaFreedom", "tcourl": "https://t.co/ykWvJPQfmQ"}], "pinnedIds": "[]", "_type": "snscrape.modules.twitter_api_client.User"}