{"id": "633091802", "id_str": "633091802", "url": "https://x.com/CandoEDO", "username": "CandoEDO", "displayname": "Cando", "rawDescription": "Cando is a national Indigenous non-profit organization devoted to building capacity in Indigenous community  economic development.", "created": "2012-07-11 17:59:18+00:00", "followersCount": "1818", "friendsCount": "914", "statusesCount": "9986", "favouritesCount": "3514", "listedCount": "42", "mediaCount": "5044", "location": "Edmonton, Alberta", "profileImageUrl": "https://pbs.twimg.com/profile_images/766392549875396608/Ae5_hB0I_normal.jpg", "profileBannerUrl": "https://pbs.twimg.com/profile_banners/633091802/1496432345", "protected": "None", "verified": "False", "blue": "False", "blueType": "None", "descriptionLinks": [{"url": "http://www.edo.ca", "text": "edo.ca", "tcourl": "https://t.co/Kt6l4ZA04T"}], "pinnedIds": "[1780388688083689646]", "_type": "snscrape.modules.twitter_api_client.User"}