{"id": "210824456", "id_str": "210824456", "url": "https://x.com/CanRevAgency", "username": "CanRevAgency", "displayname": "Canada Revenue Agency", "rawDescription": "Follow us and #CdnTax for the latest on all things taxes, benefits, credits, and more! \ud83c\udde8\ud83c\udde6\nTerms of use \u27a1\ufe0f https://t.co/COE5Nbidb1 \nFR \u27a1\ufe0f @AgenceRevCan", "created": "2010-11-01 14:17:37+00:00", "followersCount": "272476", "friendsCount": "83", "statusesCount": "38591", "favouritesCount": "1177", "listedCount": "987", "mediaCount": "8097", "location": "", "profileImageUrl": "https://pbs.twimg.com/profile_images/1664268409620815872/UDJjZf50_normal.jpg", "profileBannerUrl": "https://pbs.twimg.com/profile_banners/210824456/1737041692", "protected": "None", "verified": "False", "blue": "False", "blueType": "Government", "descriptionLinks": [{"url": "http://ow.ly/A46I30iPAnX", "text": "ow.ly/A46I30iPAnX", "tcourl": "https://t.co/COE5Nbidb1"}], "pinnedIds": "[1868691367238516961]", "_type": "snscrape.modules.twitter_api_client.User"}