{"id": "178055377", "id_str": "178055377", "url": "https://x.com/CAPE_ACME", "username": "CAPE_ACME", "displayname": "@CAPE-ACME", "rawDescription": "Canadian Association of Physicians for the Environment | Association canadienne des m\u00e9decins pour l'environnement\nSecuring human health by protecting the planet", "created": "2010-08-13 19:12:50+00:00", "followersCount": "6983", "friendsCount": "2797", "statusesCount": "15662", "favouritesCount": "11046", "listedCount": "172", "mediaCount": "1523", "location": "Canada", "profileImageUrl": "https://pbs.twimg.com/profile_images/1194986713514479617/JJVNaO-m_normal.jpg", "profileBannerUrl": "https://pbs.twimg.com/profile_banners/178055377/1571441811", "protected": "None", "verified": "False", "blue": "False", "blueType": "None", "descriptionLinks": [{"url": "http://cape.ca", "text": "cape.ca", "tcourl": "https://t.co/CEXcObUqbF"}], "pinnedIds": "[1880001443513368642]", "_type": "snscrape.modules.twitter_api_client.User"}