{"id": "168662895", "id_str": "168662895", "url": "https://x.com/CAUT_ACPPU", "username": "CAUT_ACPPU", "displayname": "CAUT/ACPPU", "rawDescription": "Canadian Association of University Teachers // Association canadienne des professeures et professeurs d'universit\u00e9", "created": "2010-07-20 13:39:37+00:00", "followersCount": "6634", "friendsCount": "1052", "statusesCount": "14248", "favouritesCount": "6120", "listedCount": "171", "mediaCount": "1535", "location": "Ottawa, Canada", "profileImageUrl": "https://pbs.twimg.com/profile_images/1330461825/Logo-Bilingual-RGBColour2_normal.png", "profileBannerUrl": "https://pbs.twimg.com/profile_banners/168662895/1688666255", "protected": "None", "verified": "False", "blue": "False", "blueType": "None", "descriptionLinks": [{"url": "http://www.caut.ca", "text": "caut.ca", "tcourl": "https://t.co/6HvS1vYUWF"}], "pinnedIds": "[]", "_type": "snscrape.modules.twitter_api_client.User"}