{"id": "3307185224", "id_str": "3307185224", "url": "https://x.com/ccga_ca", "username": "ccga_ca", "displayname": "CCGA_ca", "rawDescription": "Canadian Canola Growers Association: Policy advocate for canola farmers, cash advance administrator in Western Canada | Tweets monitored weekdays 9a-5p CT", "created": "2015-08-05 19:27:24+00:00", "followersCount": "2254", "friendsCount": "142", "statusesCount": "2066", "favouritesCount": "912", "listedCount": "27", "mediaCount": "849", "location": "Winnipeg, MB", "profileImageUrl": "https://pbs.twimg.com/profile_images/1828837635764432901/nlIGxe03_normal.jpg", "profileBannerUrl": "https://pbs.twimg.com/profile_banners/3307185224/1724863846", "protected": "None", "verified": "False", "blue": "True", "blueType": "None", "descriptionLinks": [{"url": "https://www.ccga.ca", "text": "ccga.ca", "tcourl": "https://t.co/BokkXaNXVb"}], "pinnedIds": "[1883890855628693597]", "_type": "snscrape.modules.twitter_api_client.User"}