{"id": "17682059", "id_str": "17682059", "url": "https://x.com/CCOHS", "username": "CCOHS", "displayname": "CCOHS", "rawDescription": "We're Canada's national resource for the advancement of workplace health and safety. Terms: http://t.co/eKTt7MPpUA Fran\u00e7ais: @CCHST_CA", "created": "2008-11-27 16:29:06+00:00", "followersCount": "14685", "friendsCount": "485", "statusesCount": "6025", "favouritesCount": "2483", "listedCount": "336", "mediaCount": "2606", "location": "Hamilton, ON, Canada", "profileImageUrl": "https://pbs.twimg.com/profile_images/1012025662339629056/g6fRXQeZ_normal.jpg", "profileBannerUrl": "https://pbs.twimg.com/profile_banners/17682059/1590000429", "protected": "None", "verified": "False", "blue": "False", "blueType": "None", "descriptionLinks": [{"url": "http://bit.ly/1J8Tr1m", "text": "bit.ly/1J8Tr1m", "tcourl": "http://t.co/eKTt7MPpUA"}, {"url": "https://www.ccohs.ca/", "text": "ccohs.ca", "tcourl": "https://t.co/p8Yhc7ralC"}], "pinnedIds": "[1819376449263976765]", "_type": "snscrape.modules.twitter_api_client.User"}