{"id": "1888044565", "id_str": "1888044565", "url": "https://x.com/CCPA_BC", "username": "CCPA_BC", "displayname": "The CCPA\u2013BC", "rawDescription": "Social, economic and environmental justice. Canadian Centre for Policy Alternatives, British Columbia. RT's not endorsements.", "created": "2013-09-20 22:22:32+00:00", "followersCount": "6212", "friendsCount": "1660", "statusesCount": "13390", "favouritesCount": "1343", "listedCount": "113", "mediaCount": "1150", "location": "Vancouver", "profileImageUrl": "https://pbs.twimg.com/profile_images/498862072969441280/Ld2cFujv_normal.png", "profileBannerUrl": "https://pbs.twimg.com/profile_banners/1888044565/1407953844", "protected": "None", "verified": "False", "blue": "False", "blueType": "None", "descriptionLinks": [{"url": "http://www.policynote.ca", "text": "policynote.ca", "tcourl": "http://t.co/0tiQuSu5YN"}], "pinnedIds": "[]", "_type": "snscrape.modules.twitter_api_client.User"}