{"id": "317324215", "id_str": "317324215", "url": "https://x.com/CCSPA_ACPCS", "username": "CCSPA_ACPCS", "displayname": "CCSPA", "rawDescription": "Canadian Consumer Specialty Products Association. Providing helpful credible information about everyday household and cleaning products, among other things.", "created": "2011-06-14 19:26:36+00:00", "followersCount": "363", "friendsCount": "1109", "statusesCount": "3717", "favouritesCount": "148", "listedCount": "7", "mediaCount": "300", "location": "Ottawa", "profileImageUrl": "https://pbs.twimg.com/profile_images/1623686077910245376/26ckb4z1_normal.jpg", "profileBannerUrl": "https://pbs.twimg.com/profile_banners/317324215/1594050237", "protected": "None", "verified": "False", "blue": "True", "blueType": "None", "descriptionLinks": [{"url": "http://www.healthycleaning101.org", "text": "healthycleaning101.org", "tcourl": "https://t.co/lGjP2j8EAt"}], "pinnedIds": "[]", "_type": "snscrape.modules.twitter_api_client.User"}