{"id": "2886028708", "id_str": "2886028708", "url": "https://x.com/CDC_Dairy", "username": "CDC_Dairy", "displayname": "Canadian Dairy Commission", "rawDescription": "The Canadian Dairy Commission coordinates federal and provincial dairy policies and plays a key role as facilatator for the industry. Fran\u00e7ais @CCL_Lait", "created": "2014-11-20 19:25:49+00:00", "followersCount": "1050", "friendsCount": "206", "statusesCount": "636", "favouritesCount": "111", "listedCount": "8", "mediaCount": "108", "location": "Ottawa", "profileImageUrl": "https://pbs.twimg.com/profile_images/1162070516972380160/HEVHWuPz_normal.png", "profileBannerUrl": "https://pbs.twimg.com/profile_banners/2886028708/1675085445", "protected": "None", "verified": "False", "blue": "False", "blueType": "None", "descriptionLinks": [{"url": "http://www.cdc-ccl.gc.ca", "text": "cdc-ccl.gc.ca", "tcourl": "https://t.co/LBZk3upFHB"}], "pinnedIds": "[]", "_type": "snscrape.modules.twitter_api_client.User"}