{"id": "240690104", "id_str": "240690104", "url": "https://x.com/CdnChamberofCom", "username": "CdnChamberofCom", "displayname": "Canadian Chamber of Commerce", "rawDescription": "The Canadian Chamber of Commerce is the undisputed champion and catalyst for the future of business success.", "created": "2011-01-20 14:23:54+00:00", "followersCount": "22722", "friendsCount": "1645", "statusesCount": "26497", "favouritesCount": "11396", "listedCount": "441", "mediaCount": "8621", "location": "Ottawa, ON", "profileImageUrl": "https://pbs.twimg.com/profile_images/1815487576297422848/0cAaG68V_normal.png", "profileBannerUrl": "https://pbs.twimg.com/profile_banners/240690104/1712860657", "protected": "None", "verified": "False", "blue": "False", "blueType": "None", "descriptionLinks": [{"url": "https://linktr.ee/cdnchamber", "text": "linktr.ee/cdnchamber", "tcourl": "https://t.co/SkH8aIv0jC"}], "pinnedIds": "[1879185653436469533]", "_type": "snscrape.modules.twitter_api_client.User"}