{"id": "4215789585", "id_str": "4215789585", "url": "https://x.com/CECCorg", "username": "CECCorg", "displayname": "CECC", "rawDescription": "CECC is a unique non-profit organization with a mandate to enhance and support trade, investment & good relations between the countries of Canada and Eurasia.", "created": "2015-11-18 06:19:10+00:00", "followersCount": "133", "friendsCount": "68", "statusesCount": "405", "favouritesCount": "277", "listedCount": "2", "mediaCount": "322", "location": "Toronto, Ontario", "profileImageUrl": "https://pbs.twimg.com/profile_images/1523758257088704512/yM38O7DE_normal.jpg", "profileBannerUrl": "https://pbs.twimg.com/profile_banners/4215789585/1652129616", "protected": "None", "verified": "False", "blue": "False", "blueType": "None", "descriptionLinks": [{"url": "http://www.canadaeurasia.com", "text": "canadaeurasia.com", "tcourl": "https://t.co/KQU0aeSha2"}], "pinnedIds": "[]", "_type": "snscrape.modules.twitter_api_client.User"}