{"id": "1117159135", "id_str": "1117159135", "url": "https://x.com/CementCanada", "username": "CementCanada", "displayname": "Cement Association of Canada", "rawDescription": "The voice of Canada\u2019s cement industry. FR: @CimentCanada", "created": "2013-01-24 16:10:15+00:00", "followersCount": "2682", "friendsCount": "1084", "statusesCount": "4880", "favouritesCount": "6148", "listedCount": "48", "mediaCount": "655", "location": "Canada", "profileImageUrl": "https://pbs.twimg.com/profile_images/1675122389829419009/K7pceOul_normal.jpg", "profileBannerUrl": "https://pbs.twimg.com/profile_banners/1117159135/1722607585", "protected": "None", "verified": "False", "blue": "False", "blueType": "None", "descriptionLinks": [{"url": "https://cement.ca/", "text": "cement.ca", "tcourl": "https://t.co/VloVuYTJ14"}], "pinnedIds": "[1653402216563200001]", "_type": "snscrape.modules.twitter_api_client.User"}