{"id": "62869707", "id_str": "62869707", "url": "https://x.com/CHBABC", "username": "CHBABC", "displayname": "CHBA BC", "rawDescription": "Advocating for the residential construction industry in BC, representing 2,300 members. Builder education leader. We advocate, educate, innovate, and elevate.", "created": "2009-08-04 17:07:37+00:00", "followersCount": "4520", "friendsCount": "1170", "statusesCount": "7150", "favouritesCount": "3105", "listedCount": "94", "mediaCount": "1505", "location": "British Columbia, Canada", "profileImageUrl": "https://pbs.twimg.com/profile_images/1780712615439978496/1oxfrIbX_normal.jpg", "profileBannerUrl": "https://pbs.twimg.com/profile_banners/62869707/1630693303", "protected": "None", "verified": "False", "blue": "False", "blueType": "None", "descriptionLinks": [{"url": "http://www.chbabc.org", "text": "chbabc.org", "tcourl": "https://t.co/ZoJRh441co"}], "pinnedIds": "[]", "_type": "snscrape.modules.twitter_api_client.User"}