{"id": "3063131861", "id_str": "3063131861", "url": "https://x.com/chickenfarmers", "username": "chickenfarmers", "displayname": "Chicken Farmers of Canada", "rawDescription": "A place to learn the real facts about how hard chicken farmers in Canada work to bring you Canada's number one meat protein!", "created": "2015-02-25 19:55:24+00:00", "followersCount": "5663", "friendsCount": "1194", "statusesCount": "5291", "favouritesCount": "2472", "listedCount": "27", "mediaCount": "2131", "location": "Ottawa", "profileImageUrl": "https://pbs.twimg.com/profile_images/1252312212103991296/SnZ28QYc_normal.jpg", "profileBannerUrl": "https://pbs.twimg.com/profile_banners/3063131861/1564071359", "protected": "None", "verified": "False", "blue": "True", "blueType": "None", "descriptionLinks": [{"url": "http://www.chickenfarmers.ca", "text": "chickenfarmers.ca", "tcourl": "https://t.co/yGklk2SveR"}], "pinnedIds": "[]", "_type": "snscrape.modules.twitter_api_client.User"}