{"id": "782018153207431168", "id_str": "782018153207431168", "url": "https://x.com/ChildrensHD", "username": "ChildrensHD", "displayname": "Children\u2019s Health Defense", "rawDescription": "We will end childhood health epidemics by eliminating toxic exposures, restoring and protecting children's health, seeking justice + establishing safeguards.", "created": "2016-10-01 00:43:51+00:00", "followersCount": "262726", "friendsCount": "1762", "statusesCount": "18445", "favouritesCount": "17226", "listedCount": "1174", "mediaCount": "3525", "location": "United States", "profileImageUrl": "https://pbs.twimg.com/profile_images/1326262820195987456/6VhfzkpD_normal.png", "profileBannerUrl": "https://pbs.twimg.com/profile_banners/782018153207431168/1734975124", "protected": "None", "verified": "False", "blue": "True", "blueType": "Business", "descriptionLinks": [{"url": "https://childrenshealthdefense.org/", "text": "childrenshealthdefense.org", "tcourl": "https://t.co/PWAfWtWDCo"}], "pinnedIds": "[1883938956653519070]", "_type": "snscrape.modules.twitter.User"}