{"id": "2363429665", "id_str": "2363429665", "url": "https://x.com/chpsimon7", "username": "chpsimon7", "displayname": "Simon Chandler", "rawDescription": "BC Conservative MLA Candidate of Record for Burnaby East", "created": "2014-02-27 01:20:26+00:00", "followersCount": "140", "friendsCount": "90", "statusesCount": "138", "favouritesCount": "221", "listedCount": "1", "mediaCount": "4", "location": "British Columbia, Canada", "profileImageUrl": "https://pbs.twimg.com/profile_images/1765640227081846784/gy4azAhJ_normal.jpg", "profileBannerUrl": "https://pbs.twimg.com/profile_banners/2363429665/1705818524", "protected": "None", "verified": "False", "blue": "False", "blueType": "None", "descriptionLinks": [{"url": "https://www.conservativebc.ca/simon", "text": "conservativebc.ca/simon", "tcourl": "https://t.co/fsEdpGOGWk"}], "pinnedIds": "[1844236145858887953]", "_type": "snscrape.modules.twitter_api_client.User"}