{"id": "113165445", "id_str": "113165445", "url": "https://x.com/chrisgailus", "username": "chrisgailus", "displayname": "Chris Gailus", "rawDescription": "Hubby to Jane, Father to Will, Global BC News Hour Anchor. (6 pm PST) Former Host Good Day New York, Good Morning Texas. Fact-checking isn't censorship.", "created": "2010-02-10 22:45:56+00:00", "followersCount": "44642", "friendsCount": "1421", "statusesCount": "20316", "favouritesCount": "18272", "listedCount": "389", "mediaCount": "1707", "location": "Vancouver, BC", "profileImageUrl": "https://pbs.twimg.com/profile_images/1709557345448005632/Dp9920N3_normal.jpg", "profileBannerUrl": "https://pbs.twimg.com/profile_banners/113165445/1542930012", "protected": "None", "verified": "False", "blue": "False", "blueType": "None", "descriptionLinks": [{"url": "http://www.globalnews.ca/bc", "text": "globalnews.ca/bc", "tcourl": "https://t.co/t4fs45NKvx"}], "pinnedIds": "[]", "_type": "snscrape.modules.twitter_api_client.User"}