{"id": "487857297", "id_str": "487857297", "url": "https://x.com/christoaivalis", "username": "christoaivalis", "displayname": "Christo Aivalis \ud83c\udf39\ud83c\udf4a", "rawDescription": "Left Youtuber; Democratic Socialist; Historian; Writing @macleans @globeandmail @washingtonpost. Expert on Pierre Trudeau, unions, CCF-NDP", "created": "2012-02-09 20:29:51+00:00", "followersCount": "17232", "friendsCount": "3422", "statusesCount": "105513", "favouritesCount": "182232", "listedCount": "182", "mediaCount": "5989", "location": "Ottawa, Ontario", "profileImageUrl": "https://pbs.twimg.com/profile_images/1835143693956767744/Hd9NpA0g_normal.jpg", "profileBannerUrl": "https://pbs.twimg.com/profile_banners/487857297/1594580307", "protected": "None", "verified": "False", "blue": "False", "blueType": "None", "descriptionLinks": [{"url": "https://m.youtube.com/channel/UCs9-XIXPfAF465u3OVdMILg", "text": "m.youtube.com/channel/UCs9-X\u2026", "tcourl": "https://t.co/zL5Dary6R1"}], "pinnedIds": "[1859442895989710913]", "_type": "snscrape.modules.twitter_api_client.User"}