{"id": "76332033", "id_str": "76332033", "url": "https://x.com/CIHR_IRSC", "username": "CIHR_IRSC", "displayname": "CIHR", "rawDescription": "Canadian Institutes of Health Research | En fran\u00e7ais : @IRSC_CIHR |\nTerms and Conditions: https://t.co/2PrBPlyZwo", "created": "2009-09-22 13:27:36+00:00", "followersCount": "73944", "friendsCount": "1772", "statusesCount": "17257", "favouritesCount": "15705", "listedCount": "924", "mediaCount": "3813", "location": "Canada", "profileImageUrl": "https://pbs.twimg.com/profile_images/1306670366773972994/HjVsMovG_normal.png", "profileBannerUrl": "https://pbs.twimg.com/profile_banners/76332033/1619797780", "protected": "None", "verified": "False", "blue": "False", "blueType": "Government", "descriptionLinks": [{"url": "http://bit.ly/1cqfGa0", "text": "bit.ly/1cqfGa0", "tcourl": "https://t.co/2PrBPlyZwo"}, {"url": "http://www.cihr-irsc.gc.ca", "text": "cihr-irsc.gc.ca", "tcourl": "https://t.co/YcAUrrEDmq"}], "pinnedIds": "[1876999892817658180]", "_type": "snscrape.modules.twitter_api_client.User"}