{"id": "486992415", "id_str": "486992415", "url": "https://x.com/cityofcoquitlam", "username": "cityofcoquitlam", "displayname": "City of Coquitlam", "rawDescription": "City of Coquitlam official page. One of the fastest-growing communities in Metro Vancouver. Tweeting Monday to Friday 8-5!", "created": "2012-02-08 22:01:28+00:00", "followersCount": "13599", "friendsCount": "495", "statusesCount": "14168", "favouritesCount": "1021", "listedCount": "179", "mediaCount": "7158", "location": "Coquitlam, BC", "profileImageUrl": "https://pbs.twimg.com/profile_images/860943799698063360/WSIiYSEL_normal.jpg", "profileBannerUrl": "https://pbs.twimg.com/profile_banners/486992415/1719250809", "protected": "None", "verified": "False", "blue": "False", "blueType": "None", "descriptionLinks": [{"url": "http://coquitlam.ca", "text": "coquitlam.ca", "tcourl": "https://t.co/OM3UF3Ydll"}], "pinnedIds": "[]", "_type": "snscrape.modules.twitter_api_client.User"}