{"id": "834140659078438912", "id_str": "834140659078438912", "url": "https://x.com/cityhivevan", "username": "cityhivevan", "displayname": "CityHive", "rawDescription": "We are a youth-driven organization on a mission to increase the city-shaping and decision-making voice of youth in Metro Vancouver.", "created": "2017-02-21 20:40:05+00:00", "followersCount": "1454", "friendsCount": "923", "statusesCount": "1964", "favouritesCount": "1963", "listedCount": "21", "mediaCount": "964", "location": "Vancouver, British Columbia", "profileImageUrl": "https://pbs.twimg.com/profile_images/835213559982272513/RJilPrJm_normal.jpg", "profileBannerUrl": "https://pbs.twimg.com/profile_banners/834140659078438912/1620688375", "protected": "None", "verified": "False", "blue": "False", "blueType": "None", "descriptionLinks": [{"url": "https://linktr.ee/cityhivevan", "text": "linktr.ee/cityhivevan", "tcourl": "https://t.co/7dwzG6rIKq"}], "pinnedIds": "[]", "_type": "snscrape.modules.twitter_api_client.User"}