{"id": "3407386769", "id_str": "3407386769", "url": "https://x.com/ClimateAudit", "username": "ClimateAudit", "displayname": "Stephen McIntyre", "rawDescription": "", "created": "2015-08-07 15:59:13+00:00", "followersCount": "66269", "friendsCount": "745", "statusesCount": "81544", "favouritesCount": "6179", "listedCount": "606", "mediaCount": "11694", "location": "", "profileImageUrl": "https://pbs.twimg.com/profile_images/629685735939948544/PJ6cF6rA_normal.jpg", "profileBannerUrl": "None", "protected": "None", "verified": "False", "blue": "True", "blueType": "None", "descriptionLinks": [{"url": "http://www.climateaudit.org", "text": "climateaudit.org", "tcourl": "https://t.co/4Pjwe2BpAR"}], "pinnedIds": "[1884638262142042280]", "_type": "snscrape.modules.twitter_api_client.User"}