{"id": "889344030781452290", "id_str": "889344030781452290", "url": "https://x.com/CovertActionMag", "username": "CovertActionMag", "displayname": "CovertAction Magazine", "rawDescription": "Exposing Covert Action Since 1978", "created": "2017-07-24 04:38:34+00:00", "followersCount": "15860", "friendsCount": "5570", "statusesCount": "3360", "favouritesCount": "565", "listedCount": "213", "mediaCount": "860", "location": "New York, USA", "profileImageUrl": "https://pbs.twimg.com/profile_images/1395740342939488257/XCN7eq64_normal.jpg", "profileBannerUrl": "https://pbs.twimg.com/profile_banners/889344030781452290/1550025666", "protected": "None", "verified": "False", "blue": "False", "blueType": "None", "descriptionLinks": [{"url": "https://CovertActionMagazine.com", "text": "CovertActionMagazine.com", "tcourl": "https://t.co/LeVsEnY3xi"}], "pinnedIds": "[]", "_type": "snscrape.modules.twitter_api_client.User"}