{"id": "56381997", "id_str": "56381997", "url": "https://x.com/CPAC_TV", "username": "CPAC_TV", "displayname": "CPAC", "rawDescription": "Watch for Democracy | Connecting Canadians to their democracy. @PTP_CPAC  \nPour la d\u00e9mocratie | Branche les Canadiens \u00e0 leur d\u00e9mocratie. @LEssentiel_CPAC", "created": "2009-07-13 14:13:38+00:00", "followersCount": "113692", "friendsCount": "1560", "statusesCount": "55476", "favouritesCount": "2254", "listedCount": "983", "mediaCount": "27725", "location": "Canada", "profileImageUrl": "https://pbs.twimg.com/profile_images/1703728088360648704/xhGV9DBp_normal.jpg", "profileBannerUrl": "https://pbs.twimg.com/profile_banners/56381997/1695035405", "protected": "None", "verified": "False", "blue": "False", "blueType": "Business", "descriptionLinks": [{"url": "http://www.cpac.ca", "text": "cpac.ca", "tcourl": "https://t.co/MkZZB5fgl8"}], "pinnedIds": "[]", "_type": "snscrape.modules.twitter_api_client.User"}