{"id": "2314087860", "id_str": "2314087860", "url": "https://x.com/CPHO_Canada", "username": "CPHO_Canada", "displayname": "Canada's CPHO", "rawDescription": "Official account of Canada's Chief Public Health Officer, Dr. Theresa Tam. Terms of use: https://t.co/uljQ8rG6es  Fran\u00e7ais: @ACSP_Canada", "created": "2014-01-27 18:24:20+00:00", "followersCount": "289108", "friendsCount": "179", "statusesCount": "14333", "favouritesCount": "760", "listedCount": "1475", "mediaCount": "5300", "location": "Canada", "profileImageUrl": "https://pbs.twimg.com/profile_images/1702667651971989504/EQMuXBTb_normal.jpg", "profileBannerUrl": "https://pbs.twimg.com/profile_banners/2314087860/1689782349", "protected": "None", "verified": "False", "blue": "False", "blueType": "None", "descriptionLinks": [{"url": "http://bit.ly/pG7JNz", "text": "bit.ly/pG7JNz", "tcourl": "https://t.co/uljQ8rG6es"}, {"url": "http://canada.ca/publichealth", "text": "canada.ca/publichealth", "tcourl": "https://t.co/Q7HNopkhvb"}], "pinnedIds": "[]", "_type": "snscrape.modules.twitter_api_client.User"}