{"id": "59853076", "id_str": "59853076", "url": "https://x.com/cupenat", "username": "cupenat", "displayname": "CUPE National", "rawDescription": "Canada's largest union.\nWebsite: https://t.co/CNHUp9Xazt\nEnglish Media: @CUPE_Media or 613-690-3352 \nSuivez-nous en fran\u00e7ais \u00e0 @scfpnat", "created": "2009-07-24 18:37:56+00:00", "followersCount": "18967", "friendsCount": "2977", "statusesCount": "18989", "favouritesCount": "4140", "listedCount": "316", "mediaCount": "2002", "location": "Ottawa", "profileImageUrl": "https://pbs.twimg.com/profile_images/1354893205288988677/a3Q6QIrE_normal.png", "profileBannerUrl": "https://pbs.twimg.com/profile_banners/59853076/1719934251", "protected": "None", "verified": "False", "blue": "False", "blueType": "None", "descriptionLinks": [{"url": "http://cupe.ca", "text": "cupe.ca", "tcourl": "https://t.co/CNHUp9Xazt"}, {"url": "http://cupe.ca/", "text": "cupe.ca", "tcourl": "https://t.co/d0XFurszni"}], "pinnedIds": "[]", "_type": "snscrape.modules.twitter_api_client.User"}