{"id": "900829036263485446", "id_str": "900829036263485446", "url": "https://x.com/cvma_ca", "username": "cvma_ca", "displayname": "Canadian Vehicle Manufacturers' Association", "rawDescription": "The Canadian Vehicle Manufacturers\u2019 Association is the industry association representing Canada\u2019s leading manufacturers of light and heavy duty motor vehicles.", "created": "2017-08-24 21:15:53+00:00", "followersCount": "711", "friendsCount": "1047", "statusesCount": "572", "favouritesCount": "696", "listedCount": "13", "mediaCount": "88", "location": "Canada", "profileImageUrl": "https://pbs.twimg.com/profile_images/1020373140315049984/ZTjLp102_normal.jpg", "profileBannerUrl": "https://pbs.twimg.com/profile_banners/900829036263485446/1614295955", "protected": "None", "verified": "False", "blue": "False", "blueType": "None", "descriptionLinks": [{"url": "http://www.cvma.ca", "text": "cvma.ca", "tcourl": "https://t.co/YbCKjEBYO9"}], "pinnedIds": "[]", "_type": "snscrape.modules.twitter_api_client.User"}