{"id": "1815928281058926595", "id_str": "1815928281058926595", "url": "https://x.com/DaleParkerBC", "username": "DaleParkerBC", "displayname": "Dale Parker", "rawDescription": "Business excellence, leadership, MBA", "created": "2024-07-24 01:54:12+00:00", "followersCount": "121", "friendsCount": "127", "statusesCount": "2", "favouritesCount": "264", "listedCount": "5", "mediaCount": "1", "location": "", "profileImageUrl": "https://pbs.twimg.com/profile_images/1856752770403241984/Z8W_S3Bb_normal.jpg", "profileBannerUrl": "https://pbs.twimg.com/profile_banners/1815928281058926595/1729446234", "protected": "None", "verified": "False", "blue": "False", "blueType": "None", "descriptionLinks": [], "pinnedIds": "[1847024284952416298]", "_type": "snscrape.modules.twitter_api_client.User"}