{"id": "1059056683274489857", "id_str": "1059056683274489857", "url": "https://x.com/DavidMonizBC", "username": "DavidMonizBC", "displayname": "Dr David Moniz", "rawDescription": "Anesthetist/Emergency Physician/Family Physician.", "created": "2018-11-04 12:16:04+00:00", "followersCount": "270", "friendsCount": "436", "statusesCount": "3541", "favouritesCount": "2232", "listedCount": "4", "mediaCount": "143", "location": "Chilliwack, British Columbia", "profileImageUrl": "https://pbs.twimg.com/profile_images/1779595949695983616/-XI0zEHe_normal.jpg", "profileBannerUrl": "None", "protected": "None", "verified": "False", "blue": "True", "blueType": "None", "descriptionLinks": [{"url": "https://linktr.ee/davidmonizbc", "text": "linktr.ee/davidmonizbc", "tcourl": "https://t.co/YeLKO65owC"}], "pinnedIds": "[]", "_type": "snscrape.modules.twitter_api_client.User"}