{"id": "18745857", "id_str": "18745857", "url": "https://x.com/DestinationCAN", "username": "DestinationCAN", "displayname": "Destination Canada", "rawDescription": "Welcome to Destination Canada's corporate Twitter account. Travellers, follow @ExploreCanada. Compte en fran\u00e7ais : @DestinationCAFR", "created": "2009-01-08 00:18:19+00:00", "followersCount": "98183", "friendsCount": "428", "statusesCount": "21391", "favouritesCount": "2299", "listedCount": "1437", "mediaCount": "4099", "location": "Canada", "profileImageUrl": "https://pbs.twimg.com/profile_images/634097228622114816/X2ku_K1p_normal.png", "profileBannerUrl": "https://pbs.twimg.com/profile_banners/18745857/1564582429", "protected": "None", "verified": "False", "blue": "False", "blueType": "None", "descriptionLinks": [{"url": "http://destinationcanada.com", "text": "destinationcanada.com", "tcourl": "http://t.co/fo33oGMd2p"}], "pinnedIds": "[]", "_type": "snscrape.modules.twitter_api_client.User"}