{"id": "4086538637", "id_str": "4086538637", "url": "https://x.com/dockaurG", "username": "dockaurG", "displayname": "Kulvinder Kaur MD", "rawDescription": "Physician. #Patient #HumanRights #CareNotCuts Advocate. Volunteer. President & CoFounder - Concerned Ontario Doctors @OnCall4ON. Cupcake Connoisseur. Tweets own", "created": "2015-11-01 01:33:51+00:00", "followersCount": "247016", "friendsCount": "658", "statusesCount": "30408", "favouritesCount": "39660", "listedCount": "1216", "mediaCount": "811", "location": "Ontario, Canada", "profileImageUrl": "https://pbs.twimg.com/profile_images/1008169814190219264/1xyRYcob_normal.jpg", "profileBannerUrl": "https://pbs.twimg.com/profile_banners/4086538637/1474719584", "protected": "None", "verified": "False", "blue": "True", "blueType": "None", "descriptionLinks": [{"url": "https://www.CareNotCuts.ca", "text": "CareNotCuts.ca", "tcourl": "https://t.co/6GK1P768tU"}], "pinnedIds": "[924270842871152640]", "_type": "snscrape.modules.twitter_api_client.User"}