{"id": "25568983", "id_str": "25568983", "url": "https://x.com/DonovanCavers", "username": "DonovanCavers", "displayname": "Donovan", "rawDescription": "Loving Uncle | Educator | Former Chef | Outdoor Enthusiast", "created": "2009-03-20 20:24:06+00:00", "followersCount": "2813", "friendsCount": "3066", "statusesCount": "11809", "favouritesCount": "11078", "listedCount": "81", "mediaCount": "1524", "location": "Rossland, British Columbia", "profileImageUrl": "https://pbs.twimg.com/profile_images/1848191793579634688/FRzKIscw_normal.jpg", "profileBannerUrl": "https://pbs.twimg.com/profile_banners/25568983/1729478250", "protected": "None", "verified": "False", "blue": "False", "blueType": "None", "descriptionLinks": [], "pinnedIds": "[]", "_type": "snscrape.modules.twitter_api_client.User"}