{"id": "20401321", "id_str": "20401321", "url": "https://x.com/drewdilkens", "username": "drewdilkens", "displayname": "Mayor Drew Dilkens", "rawDescription": "The official account for @CityWindsorOn Mayor Drew Dilkens - father, husband, lawyer and champion for one of Canada's most diverse and magnificent cities!", "created": "2009-02-08 23:27:51+00:00", "followersCount": "13919", "friendsCount": "476", "statusesCount": "10662", "favouritesCount": "3221", "listedCount": "100", "mediaCount": "5573", "location": "Windsor, Ontario", "profileImageUrl": "https://pbs.twimg.com/profile_images/1644058492171440130/Ogzdxbgh_normal.jpg", "profileBannerUrl": "https://pbs.twimg.com/profile_banners/20401321/1717176306", "protected": "None", "verified": "False", "blue": "False", "blueType": "None", "descriptionLinks": [{"url": "https://lnk.bio/drewdilkens", "text": "lnk.bio/drewdilkens", "tcourl": "https://t.co/ss2wyWLqxq"}], "pinnedIds": "[]", "_type": "snscrape.modules.twitter_api_client.User"}