{"id": "1520138892447559680", "id_str": "1520138892447559680", "url": "https://x.com/DrTrozzi", "username": "DrTrozzi", "displayname": "Dr Mark Trozzi MD", "rawDescription": "25 year veteran ER physician, trauma medicine instructor, public educator, human rights activist, World Council for Health. https://t.co/MMPByK50lw", "created": "2022-04-29 20:32:49+00:00", "followersCount": "33124", "friendsCount": "165", "statusesCount": "2672", "favouritesCount": "3040", "listedCount": "184", "mediaCount": "686", "location": "Ontario, Canada", "profileImageUrl": "https://pbs.twimg.com/profile_images/1736924809236492288/LAA6YFci_normal.jpg", "profileBannerUrl": "https://pbs.twimg.com/profile_banners/1520138892447559680/1702779172", "protected": "None", "verified": "False", "blue": "True", "blueType": "None", "descriptionLinks": [{"url": "https://drtrozzi.substack.com/", "text": "drtrozzi.substack.com", "tcourl": "https://t.co/MMPByK50lw"}, {"url": "http://drtrozzi.org", "text": "drtrozzi.org", "tcourl": "https://t.co/XL3dGRUG9y"}], "pinnedIds": "[1762996341968654686]", "_type": "snscrape.modules.twitter_api_client.User"}