{"id": "2688244771", "id_str": "2688244771", "url": "https://x.com/elenoresturko", "username": "elenoresturko", "displayname": "Elenore Sturko", "rawDescription": "Mom to 3. Wife. MLA for Surrey-Cloverdale. Shadow MInister for Public Safety and Solicitor General.", "created": "2014-07-28 19:43:37+00:00", "followersCount": "6333", "friendsCount": "2036", "statusesCount": "8028", "favouritesCount": "29521", "listedCount": "40", "mediaCount": "1665", "location": "Surrey, British Columbia", "profileImageUrl": "https://pbs.twimg.com/profile_images/1802790774628876288/V3qw8fUd_normal.jpg", "profileBannerUrl": "https://pbs.twimg.com/profile_banners/2688244771/1717430681", "protected": "None", "verified": "False", "blue": "True", "blueType": "None", "descriptionLinks": [], "pinnedIds": "[1856412480022688174]", "_type": "snscrape.modules.twitter_api_client.User"}