{"id": "85596915", "id_str": "85596915", "url": "https://x.com/envirodefence", "username": "envirodefence", "displayname": "EnvironmentalDefence", "rawDescription": "Environmental Defence works with government, industry and individuals to defend clean water, a safe climate and healthy communities.", "created": "2009-10-27 15:51:19+00:00", "followersCount": "35009", "friendsCount": "7643", "statusesCount": "21207", "favouritesCount": "10338", "listedCount": "718", "mediaCount": "2790", "location": "Canada", "profileImageUrl": "https://pbs.twimg.com/profile_images/590904351322865664/jn7TgLdJ_normal.jpg", "profileBannerUrl": "https://pbs.twimg.com/profile_banners/85596915/1704230548", "protected": "None", "verified": "False", "blue": "True", "blueType": "None", "descriptionLinks": [{"url": "http://www.environmentaldefence.ca", "text": "environmentaldefence.ca", "tcourl": "https://t.co/hvfkB5e8a1"}], "pinnedIds": "[]", "_type": "snscrape.modules.twitter_api_client.User"}