{"id": "1724084136506277888", "id_str": "1724084136506277888", "url": "https://x.com/envleadershipCA", "username": "envleadershipCA", "displayname": "Environmental Leadership Canada", "rawDescription": "Making Politics Work for the Health of our Planet", "created": "2023-11-13 15:17:58+00:00", "followersCount": "32", "friendsCount": "10", "statusesCount": "36", "favouritesCount": "3", "listedCount": "0", "mediaCount": "27", "location": "", "profileImageUrl": "https://pbs.twimg.com/profile_images/1724084424873017344/XohdumhA_normal.jpg", "profileBannerUrl": "https://pbs.twimg.com/profile_banners/1724084136506277888/1699977296", "protected": "None", "verified": "False", "blue": "False", "blueType": "None", "descriptionLinks": [{"url": "http://environmentalleadership.ca", "text": "environmentalleadership.ca", "tcourl": "https://t.co/7toS9s79Rl"}], "pinnedIds": "[]", "_type": "snscrape.modules.twitter_api_client.User"}