{"id": "17032646", "id_str": "17032646", "url": "https://x.com/ESDC_GC", "username": "ESDC_GC", "displayname": "Employment and Social Development Canada", "rawDescription": "Info about the programs & services that play an important role in helping Canadians move through life\u2019s transitions. T&C: https://t.co/aVznLfVnSW; FR: @EDSC_GC", "created": "2008-10-29 00:56:29+00:00", "followersCount": "132178", "friendsCount": "267", "statusesCount": "5521", "favouritesCount": "781", "listedCount": "580", "mediaCount": "2882", "location": "Canada", "profileImageUrl": "https://pbs.twimg.com/profile_images/1790838652643299328/F_QxMbip_normal.jpg", "profileBannerUrl": "https://pbs.twimg.com/profile_banners/17032646/1734983412", "protected": "None", "verified": "False", "blue": "False", "blueType": "Government", "descriptionLinks": [{"url": "http://ow.ly/WNKZ3090pg3", "text": "ow.ly/WNKZ3090pg3", "tcourl": "https://t.co/aVznLfVnSW"}, {"url": "http://Canada.ca/ESDC", "text": "Canada.ca/ESDC", "tcourl": "https://t.co/gWIZXbXuBj"}], "pinnedIds": "[]", "_type": "snscrape.modules.twitter_api_client.User"}