{"id": "1190307163245203456", "id_str": "1190307163245203456", "url": "https://x.com/eva_kurilova", "username": "eva_kurilova", "displayname": "Eva Kurilova", "rawDescription": "Canada's preeminent lesbian / proud Albertan / writer / Certum est, quia impossibile", "created": "2019-11-01 16:38:47+00:00", "followersCount": "77053", "friendsCount": "2963", "statusesCount": "61072", "favouritesCount": "221838", "listedCount": "235", "mediaCount": "4555", "location": "Calgary, Alberta", "profileImageUrl": "https://pbs.twimg.com/profile_images/1820209465624506368/m_nO4s5Q_normal.jpg", "profileBannerUrl": "https://pbs.twimg.com/profile_banners/1190307163245203456/1722659902", "protected": "None", "verified": "False", "blue": "True", "blueType": "None", "descriptionLinks": [{"url": "http://evakurilova.substack.com", "text": "evakurilova.substack.com", "tcourl": "https://t.co/jWNL22nl76"}], "pinnedIds": "[]", "_type": "snscrape.modules.twitter_api_client.User"}