{"id": "267915933", "id_str": "267915933", "url": "https://x.com/feministabulous", "username": "feministabulous", "displayname": "Liz Plank", "rawDescription": "\u201cBad at science as well as logic\u201d -Ben Shapiro | Feminist who loves men | Bestselling author #ForTheLoveOfMen", "created": "2011-03-17 20:07:38+00:00", "followersCount": "142743", "friendsCount": "4872", "statusesCount": "16338", "favouritesCount": "74431", "listedCount": "2151", "mediaCount": "1772", "location": "New York", "profileImageUrl": "https://pbs.twimg.com/profile_images/1334264023093743616/ln2LLx2h_normal.jpg", "profileBannerUrl": "https://pbs.twimg.com/profile_banners/267915933/1551414417", "protected": "None", "verified": "False", "blue": "False", "blueType": "None", "descriptionLinks": [{"url": "https://linktr.ee/lizplank", "text": "linktr.ee/lizplank", "tcourl": "https://t.co/IXKF7KiMgQ"}], "pinnedIds": "[943860106466398208]", "_type": "snscrape.modules.twitter_api_client.User"}