{"id": "271575204", "id_str": "271575204", "url": "https://x.com/FNFMB", "username": "FNFMB", "displayname": "First Nations Financial Management Board", "rawDescription": "Official account of the First Nations Financial Management Board. A National organization designed to support #ecdev via sound financial mgmt for #FirstNations", "created": "2011-03-24 19:52:36+00:00", "followersCount": "1377", "friendsCount": "439", "statusesCount": "1705", "favouritesCount": "255", "listedCount": "28", "mediaCount": "153", "location": "West Vancouver, BC, Canada", "profileImageUrl": "https://pbs.twimg.com/profile_images/936270331806748672/UYCN-uy1_normal.jpg", "profileBannerUrl": "https://pbs.twimg.com/profile_banners/271575204/1622750085", "protected": "None", "verified": "False", "blue": "False", "blueType": "None", "descriptionLinks": [{"url": "http://www.fnfmb.com", "text": "fnfmb.com", "tcourl": "http://t.co/alfCiWvIVi"}], "pinnedIds": "[]", "_type": "snscrape.modules.twitter_api_client.User"}