{"id": "1262268501823303680", "id_str": "1262268501823303680", "url": "https://x.com/ForeignPoli_C", "username": "ForeignPoli_C", "displayname": "Canadian Foreign Policy Institute", "rawDescription": "The Canadian Foreign Policy Institute informs people about the country\u2019s diplomatic, aid, intelligence and military policies abroad.", "created": "2020-05-18 06:27:36+00:00", "followersCount": "5996", "friendsCount": "1435", "statusesCount": "4517", "favouritesCount": "13685", "listedCount": "68", "mediaCount": "449", "location": "Canada", "profileImageUrl": "https://pbs.twimg.com/profile_images/1262585049741918208/691RWJDp_normal.jpg", "profileBannerUrl": "https://pbs.twimg.com/profile_banners/1262268501823303680/1592751366", "protected": "None", "verified": "False", "blue": "False", "blueType": "None", "descriptionLinks": [{"url": "http://www.foreignpolicy.ca", "text": "foreignpolicy.ca", "tcourl": "https://t.co/bs90U3KBsU"}], "pinnedIds": "[]", "_type": "snscrape.modules.twitter_api_client.User"}