{"id": "3580491795", "id_str": "3580491795", "url": "https://x.com/FrancoisBulloc1", "username": "FrancoisBulloc1", "displayname": "Francois Bullock (Patriote XV)", "rawDescription": "Fais ce que dois, advienne que pourra \u2757\ufe0f                 Vive INTERNET NON CENSUR\u00c9 \ud83d\udc4d \u00abLA PEUR TUE LA RAISON\u00bb ANTI PASS SANITAIRE-Je suis 10%", "created": "2015-09-07 20:45:20+00:00", "followersCount": "12437", "friendsCount": "2474", "statusesCount": "78434", "favouritesCount": "337524", "listedCount": "56", "mediaCount": "23010", "location": "Sainte-Lucie-des-Laurentides", "profileImageUrl": "https://pbs.twimg.com/profile_images/1347714223430799363/pdBxkprc_normal.jpg", "profileBannerUrl": "https://pbs.twimg.com/profile_banners/3580491795/1604443592", "protected": "None", "verified": "False", "blue": "True", "blueType": "None", "descriptionLinks": [], "pinnedIds": "[]", "_type": "snscrape.modules.twitter_api_client.User"}