{"id": "1004694289", "id_str": "1004694289", "url": "https://x.com/FriendsOScience", "username": "FriendsOScience", "displayname": "Friends of Science", "rawDescription": "A group of earth, atmospheric, solar scientists and engineers who conclude that the sun is the main driver of climate change.Not you.Not CO2. R/T \u2260 endorsement.", "created": "2012-12-11 19:12:22+00:00", "followersCount": "54149", "friendsCount": "16263", "statusesCount": "297340", "favouritesCount": "219405", "listedCount": "587", "mediaCount": "119887", "location": "", "profileImageUrl": "https://pbs.twimg.com/profile_images/3082734381/8a17ce97e36490544b3a4fa632eee217_normal.png", "profileBannerUrl": "https://pbs.twimg.com/profile_banners/1004694289/1357663310", "protected": "None", "verified": "False", "blue": "True", "blueType": "None", "descriptionLinks": [{"url": "https://linktr.ee/friendsofscience", "text": "linktr.ee/friendsofscien\u2026", "tcourl": "https://t.co/mqFIISMHfW"}], "pinnedIds": "[1882259886140203142]", "_type": "snscrape.modules.twitter_api_client.User"}