{"id": "87729913", "id_str": "87729913", "url": "https://x.com/Futurpreneur", "username": "Futurpreneur", "displayname": "Futurpreneur", "rawDescription": "\ud83d\ude80 Startup your future today! | Cr\u00e9e ton entreprise, construis ton avenir! \ud83d\udc9a\ud83c\udf41", "created": "2009-11-05 16:52:36+00:00", "followersCount": "21569", "friendsCount": "2427", "statusesCount": "18122", "favouritesCount": "8147", "listedCount": "591", "mediaCount": "2279", "location": "Canada ", "profileImageUrl": "https://pbs.twimg.com/profile_images/1380251445409251332/qC8UtqcO_normal.jpg", "profileBannerUrl": "https://pbs.twimg.com/profile_banners/87729913/1732830968", "protected": "None", "verified": "False", "blue": "False", "blueType": "None", "descriptionLinks": [{"url": "http://www.futurpreneur.ca", "text": "futurpreneur.ca", "tcourl": "https://t.co/Gete3Ix3Ac"}], "pinnedIds": "[1877778713690931331]", "_type": "snscrape.modules.twitter_api_client.User"}