{"id": "16443609", "id_str": "16443609", "url": "https://x.com/gavindew", "username": "gavindew", "displayname": "Gavin Dew", "rawDescription": "Proud dad of 2. Business guy. MLA for Kelowna-Mission. Shadow Minister for Jobs, Innovation, and Economic Development.", "created": "2008-09-25 00:16:00+00:00", "followersCount": "5180", "friendsCount": "7065", "statusesCount": "4770", "favouritesCount": "10760", "listedCount": "60", "mediaCount": "1034", "location": "Kelowna, British Columbia", "profileImageUrl": "https://pbs.twimg.com/profile_images/1862724611848257536/VkI5-hLt_normal.jpg", "profileBannerUrl": "https://pbs.twimg.com/profile_banners/16443609/1720587339", "protected": "None", "verified": "False", "blue": "False", "blueType": "None", "descriptionLinks": [{"url": "https://www.conservativebc.ca/dew", "text": "conservativebc.ca/dew", "tcourl": "https://t.co/60MlU7VYAp"}], "pinnedIds": "[]", "_type": "snscrape.modules.twitter_api_client.User"}