{"id": "24107385", "id_str": "24107385", "url": "https://x.com/Gbyle", "username": "Gbyle", "displayname": "Glen Byle", "rawDescription": "", "created": "2009-03-13 02:23:55+00:00", "followersCount": "10", "friendsCount": "152", "statusesCount": "16", "favouritesCount": "5", "listedCount": "0", "mediaCount": "0", "location": "", "profileImageUrl": "https://pbs.twimg.com/profile_images/378800000740802723/4c84febdef9ece26fabf0f081351b318_normal.jpeg", "profileBannerUrl": "None", "protected": "None", "verified": "False", "blue": "False", "blueType": "None", "descriptionLinks": [], "pinnedIds": "[]", "_type": "snscrape.modules.twitter_api_client.User"}