{"id": "164418122", "id_str": "164418122", "url": "https://x.com/GGCanada", "username": "GGCanada", "displayname": "Governor General of Canada", "rawDescription": "Official account of the Governor General of Canada Terms: https://t.co/0V5Nc5xRSO French/fran\u00e7ais: @CanadaGG", "created": "2010-07-08 20:53:17+00:00", "followersCount": "121257", "friendsCount": "147", "statusesCount": "14862", "favouritesCount": "646", "listedCount": "1041", "mediaCount": "5850", "location": "Rideau Hall", "profileImageUrl": "https://pbs.twimg.com/profile_images/1478383172312346629/xEz0bbfr_normal.png", "profileBannerUrl": "https://pbs.twimg.com/profile_banners/164418122/1708026417", "protected": "None", "verified": "False", "blue": "False", "blueType": "Government", "descriptionLinks": [{"url": "http://ow.ly/883H50AFvV6", "text": "ow.ly/883H50AFvV6", "tcourl": "https://t.co/0V5Nc5xRSO"}, {"url": "https://www.gg.ca/en", "text": "gg.ca/en", "tcourl": "https://t.co/lQnG04IrjV"}], "pinnedIds": "[]", "_type": "snscrape.modules.twitter_api_client.User"}