{"id": "1276372121149734912", "id_str": "1276372121149734912", "url": "https://x.com/GoyerMel", "username": "GoyerMel", "displayname": "Mel Goyer", "rawDescription": "Insoumise un peu baveuse.\nCoucou les fragiles! \n#WakeUpTabarnac", "created": "2020-06-26 04:30:12+00:00", "followersCount": "32051", "friendsCount": "569", "statusesCount": "12787", "favouritesCount": "44947", "listedCount": "62", "mediaCount": "2672", "location": "Costa Rica", "profileImageUrl": "https://pbs.twimg.com/profile_images/1854366205865328657/RVp3Ll7q_normal.jpg", "profileBannerUrl": "https://pbs.twimg.com/profile_banners/1276372121149734912/1737481803", "protected": "None", "verified": "False", "blue": "False", "blueType": "None", "descriptionLinks": [{"url": "https://melgoyer.com/", "text": "melgoyer.com", "tcourl": "https://t.co/gcONgHNAw6"}], "pinnedIds": "[1884261903813235121]", "_type": "snscrape.modules.twitter_api_client.User"}