{"id": "21930516", "id_str": "21930516", "url": "https://x.com/greenestcity", "username": "greenestcity", "displayname": "City of Vancouver - Greenest City", "rawDescription": "Working on climate solutions for a healthier city, including clean & active transportation, resilient buildings & renewable energy. A @CityofVancouver account.", "created": "2009-02-25 22:39:40+00:00", "followersCount": "31049", "friendsCount": "1713", "statusesCount": "15250", "favouritesCount": "5255", "listedCount": "709", "mediaCount": "4505", "location": "Vancouver, British Columbia", "profileImageUrl": "https://pbs.twimg.com/profile_images/1204932383432003584/5Tei9JSu_normal.png", "profileBannerUrl": "https://pbs.twimg.com/profile_banners/21930516/1605733263", "protected": "None", "verified": "False", "blue": "False", "blueType": "None", "descriptionLinks": [{"url": "http://vancouver.ca/climateemergency", "text": "vancouver.ca/climateemergen\u2026", "tcourl": "https://t.co/XERFwPx9BU"}], "pinnedIds": "[]", "_type": "snscrape.modules.twitter_api_client.User"}