{"id": "226101514", "id_str": "226101514", "url": "https://x.com/hanleebc", "username": "hanleebc", "displayname": "Han Lee", "rawDescription": "\u674e\u97e9 - MLA Candidate of Burnaby South-Metrotown BC \ud83c\udde8\ud83c\udde6 Conservative Party of BC, Canada | Campaign Website DAILY\ud83d\udd34 \ud83d\udc47\ud83d\udc47\ud83d\udc47 Media UPDATES \ud83d\udc47\ud83d\udc47\ud83d\udc47", "created": "2010-12-13 09:19:09+00:00", "followersCount": "6120", "friendsCount": "140", "statusesCount": "258", "favouritesCount": "554", "listedCount": "9", "mediaCount": "57", "location": "", "profileImageUrl": "https://pbs.twimg.com/profile_images/1777882481615884288/rG3ziHIv_normal.jpg", "profileBannerUrl": "https://pbs.twimg.com/profile_banners/226101514/1712895822", "protected": "None", "verified": "False", "blue": "True", "blueType": "None", "descriptionLinks": [{"url": "http://www.hanleebc.ca", "text": "hanleebc.ca", "tcourl": "https://t.co/31hLTZ4tGs"}], "pinnedIds": "[1846330595816976609]", "_type": "snscrape.modules.twitter_api_client.User"}