{"id": "1213318971463626753", "id_str": "1213318971463626753", "url": "https://x.com/HarmanBhanguBC", "username": "HarmanBhanguBC", "displayname": "Harman Bhangu", "rawDescription": "\ud83c\udde8\ud83c\udde6 \nHusband\u2764Father\ud83d\udc68\u200d\ud83d\udc69\u200d\ud83d\udc67\u200d\ud83d\udc66\nMLA\nLangley-Abbotsford\nTransportation Critic \u2013\nConservative Caucus BC\n\u2014\u2014\u2014\nVice President CPBC", "created": "2020-01-04 04:39:37+00:00", "followersCount": "2232", "friendsCount": "532", "statusesCount": "5836", "favouritesCount": "20234", "listedCount": "23", "mediaCount": "409", "location": "", "profileImageUrl": "https://pbs.twimg.com/profile_images/1861203758484725761/N518T_fR_normal.jpg", "profileBannerUrl": "https://pbs.twimg.com/profile_banners/1213318971463626753/1732346492", "protected": "None", "verified": "False", "blue": "True", "blueType": "None", "descriptionLinks": [], "pinnedIds": "[1866944868930686994]", "_type": "snscrape.modules.twitter_api_client.User"}