{"id": "1465520376", "id_str": "1465520376", "url": "https://x.com/HICC_ca", "username": "HICC_ca", "displayname": "Housing, Infrastructure and Communities Canada", "rawDescription": "Official account of Housing, Infrastructure and Communities Canada. \nRead our Terms of Use: https://t.co/Pa1tiSvdfD\nSuivez-nous en fran\u00e7ais : @LICC_ca", "created": "2013-05-28 19:50:48+00:00", "followersCount": "12803", "friendsCount": "278", "statusesCount": "13934", "favouritesCount": "1465", "listedCount": "184", "mediaCount": "7112", "location": "", "profileImageUrl": "https://pbs.twimg.com/profile_images/1313579464945786883/HkK-d9JN_normal.jpg", "profileBannerUrl": "https://pbs.twimg.com/profile_banners/1465520376/1733327072", "protected": "None", "verified": "False", "blue": "False", "blueType": "Government", "descriptionLinks": [{"url": "http://infc.gc.ca/terms", "text": "infc.gc.ca/terms", "tcourl": "https://t.co/Pa1tiSvdfD"}, {"url": "https://www.housing-infrastructure.canada.ca/", "text": "housing-infrastructure.canada.ca", "tcourl": "https://t.co/rX3VzKjF3a"}], "pinnedIds": "[]", "_type": "snscrape.modules.twitter_api_client.User"}