{"id": "556255155", "id_str": "556255155", "url": "https://x.com/HOPAports", "username": "HOPAports", "displayname": "Hamilton-Oshawa Port Authority", "rawDescription": "Waterfronts at work. Le secteur riverain au travail. #HamOnt #Oshawa #NiagaraON", "created": "2012-04-17 18:16:27+00:00", "followersCount": "3461", "friendsCount": "1412", "statusesCount": "6105", "favouritesCount": "7629", "listedCount": "85", "mediaCount": "2296", "location": "Hamilton Ontario", "profileImageUrl": "https://pbs.twimg.com/profile_images/1176910506642366465/uc-sEbMd_normal.jpg", "profileBannerUrl": "https://pbs.twimg.com/profile_banners/556255155/1620997128", "protected": "None", "verified": "False", "blue": "False", "blueType": "None", "descriptionLinks": [{"url": "https://www.hopaports.ca/", "text": "hopaports.ca", "tcourl": "https://t.co/b3Wc3WMJdW"}], "pinnedIds": "[]", "_type": "snscrape.modules.twitter_api_client.User"}