{"id": "1206726690195554304", "id_str": "1206726690195554304", "url": "https://x.com/HorizonOttawa", "username": "HorizonOttawa", "displayname": "Horizon Ottawa", "rawDescription": "Horizon Ottawa is a progressive, municipal-focused grassroots organization dedicated to creating a city that genuinely works for everyone.", "created": "2019-12-17 00:04:31+00:00", "followersCount": "8567", "friendsCount": "473", "statusesCount": "17966", "favouritesCount": "8729", "listedCount": "49", "mediaCount": "1699", "location": "Ottawa, Ontario", "profileImageUrl": "https://pbs.twimg.com/profile_images/1264777589228437504/PuH-H-RM_normal.jpg", "profileBannerUrl": "https://pbs.twimg.com/profile_banners/1206726690195554304/1632419244", "protected": "None", "verified": "False", "blue": "False", "blueType": "None", "descriptionLinks": [{"url": "http://horizonottawa.ca", "text": "horizonottawa.ca", "tcourl": "https://t.co/BY4TFyCCdq"}], "pinnedIds": "[1882197416369434730]", "_type": "snscrape.modules.twitter_api_client.User"}