{"id": "255690491", "id_str": "255690491", "url": "https://x.com/I_Katchanovski", "username": "I_Katchanovski", "displayname": "Ivan Katchanovski", "rawDescription": "Political scientist, University of Ottawa. Research politics, conflicts, policy & political communication in Ukraine, US & Canada. Ex-Harvard, SUNY, UofT & LoC.", "created": "2011-02-21 21:36:19+00:00", "followersCount": "41033", "friendsCount": "641", "statusesCount": "14911", "favouritesCount": "8604", "listedCount": "474", "mediaCount": "2563", "location": "Ottawa, Canada", "profileImageUrl": "https://pbs.twimg.com/profile_images/1273026097/Ivan_Katchanovski_normal.jpg", "profileBannerUrl": "https://pbs.twimg.com/profile_banners/255690491/1615783033", "protected": "None", "verified": "False", "blue": "True", "blueType": "None", "descriptionLinks": [{"url": "https://uottawa.academia.edu/IvanKatchanovski", "text": "uottawa.academia.edu/IvanKatchanovs\u2026", "tcourl": "https://t.co/YBz6SU00oY"}], "pinnedIds": "[1830093624983355633]", "_type": "snscrape.modules.twitter_api_client.User"}