{"id": "1430708781441339392", "id_str": "1430708781441339392", "url": "https://x.com/imanifestogroup", "username": "imanifestogroup", "displayname": "International Manifesto Group", "rawDescription": "The International Manifesto Group began discussing the fast-changing political and geopolitical economy of the world order.", "created": "2021-08-26 01:49:09+00:00", "followersCount": "947", "friendsCount": "54", "statusesCount": "155", "favouritesCount": "39", "listedCount": "8", "mediaCount": "31", "location": "", "profileImageUrl": "https://pbs.twimg.com/profile_images/1673532479569797120/k3ZcjzUg_normal.jpg", "profileBannerUrl": "https://pbs.twimg.com/profile_banners/1430708781441339392/1629943171", "protected": "None", "verified": "False", "blue": "False", "blueType": "None", "descriptionLinks": [{"url": "https://internationalmanifesto.org", "text": "internationalmanifesto.org", "tcourl": "https://t.co/IyW9nOHd5W"}], "pinnedIds": "[1848565124929630506]", "_type": "snscrape.modules.twitter_api_client.User"}