{"id": "28139112", "id_str": "28139112", "url": "https://x.com/InnovationCA", "username": "InnovationCA", "displayname": "CFI / FCI", "rawDescription": "The Canada Foundation for Innovation funds research infrastructure. | La Fondation canadienne pour l'innovation investit dans des installations de recherche.", "created": "2009-04-01 16:37:25+00:00", "followersCount": "18342", "friendsCount": "4001", "statusesCount": "25023", "favouritesCount": "11862", "listedCount": "336", "mediaCount": "6293", "location": "Ottawa, Canada", "profileImageUrl": "https://pbs.twimg.com/profile_images/1443198002768846850/DS7I6uf-_normal.png", "profileBannerUrl": "https://pbs.twimg.com/profile_banners/28139112/1729525199", "protected": "None", "verified": "False", "blue": "False", "blueType": "None", "descriptionLinks": [{"url": "http://www.innovation.ca", "text": "innovation.ca", "tcourl": "https://t.co/NHjJL9RqFD"}], "pinnedIds": "[]", "_type": "snscrape.modules.twitter_api_client.User"}