{"id": "486192785", "id_str": "486192785", "url": "https://x.com/InsiteVan", "username": "InsiteVan", "displayname": "Insiteful Vancouver", "rawDescription": "@INSITEvan  Tweets by #HarmReduction Advocates and Do Not Necessarily Reflect the Views of VCH or PHS #insitesaveslives", "created": "2012-02-08 01:16:40+00:00", "followersCount": "10476", "friendsCount": "7765", "statusesCount": "32988", "favouritesCount": "56665", "listedCount": "218", "mediaCount": "533", "location": "Downtown Eastside, Vancouver", "profileImageUrl": "https://pbs.twimg.com/profile_images/1012017815732146176/o2eP6q4h_normal.jpg", "profileBannerUrl": "https://pbs.twimg.com/profile_banners/486192785/1488724827", "protected": "None", "verified": "False", "blue": "False", "blueType": "None", "descriptionLinks": [{"url": "http://www.communityinsite.ca/", "text": "communityinsite.ca", "tcourl": "https://t.co/4J6mC7omsj"}], "pinnedIds": "[]", "_type": "snscrape.modules.twitter_api_client.User"}