{"id": "46444445", "id_str": "46444445", "url": "https://x.com/InspectionCan", "username": "InspectionCan", "displayname": "Canadian Food Inspection Agency", "rawDescription": "Food safety, plant and animal health in Canada.\n\nTerms : https://t.co/39PcpnIw8A \nFR : @InspectionCanFR", "created": "2009-06-11 17:53:31+00:00", "followersCount": "63348", "friendsCount": "303", "statusesCount": "13548", "favouritesCount": "2691", "listedCount": "651", "mediaCount": "5304", "location": "Canada", "profileImageUrl": "https://pbs.twimg.com/profile_images/1285659608112148485/DIrRsXbF_normal.jpg", "profileBannerUrl": "https://pbs.twimg.com/profile_banners/46444445/1705423374", "protected": "None", "verified": "False", "blue": "False", "blueType": "Government", "descriptionLinks": [{"url": "https://bit.ly/4cYjVrv", "text": "bit.ly/4cYjVrv", "tcourl": "https://t.co/39PcpnIw8A"}, {"url": "https://inspection.canada.ca/", "text": "inspection.canada.ca", "tcourl": "https://t.co/lRCtW3tThM"}], "pinnedIds": "[1648340657054810112]", "_type": "snscrape.modules.twitter_api_client.User"}