{"id": "1266443513048137728", "id_str": "1266443513048137728", "url": "https://x.com/IRN_Indigenous", "username": "IRN_Indigenous", "displayname": "Indigenous Resource Network", "rawDescription": "A network for Indigenous workers, business owners & leaders who support Indigenous inclusion in natural resource development \ud83c\udde8\ud83c\udde6\ud83c\udf32\u26cf\ufe0f@IRN_podcast   Join us\ud83d\udc47", "created": "2020-05-29 18:57:42+00:00", "followersCount": "3235", "friendsCount": "652", "statusesCount": "2982", "favouritesCount": "1997", "listedCount": "23", "mediaCount": "741", "location": "Turtle Island", "profileImageUrl": "https://pbs.twimg.com/profile_images/1279093014653173760/DQE3PxYB_normal.jpg", "profileBannerUrl": "https://pbs.twimg.com/profile_banners/1266443513048137728/1702313422", "protected": "None", "verified": "False", "blue": "True", "blueType": "None", "descriptionLinks": [{"url": "https://www.indigenousresourcenetwork.ca/supporter", "text": "indigenousresourcenetwork.ca/supporter", "tcourl": "https://t.co/tK7VSy3FZK"}], "pinnedIds": "[1803855884243685667]", "_type": "snscrape.modules.twitter_api_client.User"}