{"id": "2195032260", "id_str": "2195032260", "url": "https://x.com/IslandSocTrends", "username": "IslandSocTrends", "displayname": "Island Social Trends", "rawDescription": "Independent socioeconomic news & political analysis at https://t.co/iny3GABgHL | #VancouverIsland #bcpoli #cdnpoli #cdnmedia #localnews. Editor: Mary P Brooke", "created": "2013-11-14 23:35:17+00:00", "followersCount": "1546", "friendsCount": "1073", "statusesCount": "12185", "favouritesCount": "1518", "listedCount": "60", "mediaCount": "5179", "location": "Langford/WestShore, VancIsland", "profileImageUrl": "https://pbs.twimg.com/profile_images/1529160878750216192/hdqaCmXp_normal.jpg", "profileBannerUrl": "https://pbs.twimg.com/profile_banners/2195032260/1676467536", "protected": "None", "verified": "False", "blue": "True", "blueType": "None", "descriptionLinks": [{"url": "http://islandsocialtrends.ca", "text": "islandsocialtrends.ca", "tcourl": "https://t.co/iny3GABgHL"}, {"url": "http://www.islandsocialtrends.ca", "text": "islandsocialtrends.ca", "tcourl": "https://t.co/k0YUSaJiUt"}], "pinnedIds": "[]", "_type": "snscrape.modules.twitter_api_client.User"}