{"id": "2211206184", "id_str": "2211206184", "url": "https://x.com/JackieLovelyAB", "username": "JackieLovelyAB", "displayname": "Jackie Lovely", "rawDescription": "UCP MLA for Camrose Constituency", "created": "2013-11-23 19:20:47+00:00", "followersCount": "1692", "friendsCount": "1161", "statusesCount": "404", "favouritesCount": "724", "listedCount": "29", "mediaCount": "66", "location": "Camrose", "profileImageUrl": "https://pbs.twimg.com/profile_images/1056753540520009728/HLuKSID0_normal.jpg", "profileBannerUrl": "https://pbs.twimg.com/profile_banners/2211206184/1691602422", "protected": "None", "verified": "False", "blue": "False", "blueType": "None", "descriptionLinks": [{"url": "https://unitedconservativecaucus.ca/jackie-lovely/", "text": "unitedconservativecaucus.ca/jackie-lovely/", "tcourl": "https://t.co/MN2IgeTcwp"}], "pinnedIds": "[]", "_type": "snscrape.modules.twitter.User"}