{"id": "1047870817466339329", "id_str": "1047870817466339329", "url": "https://x.com/jacobsburdge", "username": "jacobsburdge", "displayname": "Jacob Burdge", "rawDescription": "BC Conservative Candidate of Record for Vancouver-Hastings. UVic student. Proud British Columbian. \ud83c\udde8\ud83c\udde6", "created": "2018-10-04 15:27:26+00:00", "followersCount": "449", "friendsCount": "251", "statusesCount": "57", "favouritesCount": "14", "listedCount": "2", "mediaCount": "0", "location": "Victoria, British Columbia", "profileImageUrl": "https://pbs.twimg.com/profile_images/1864536592737816577/QLE94wHT_normal.jpg", "profileBannerUrl": "https://pbs.twimg.com/profile_banners/1047870817466339329/1726728754", "protected": "None", "verified": "False", "blue": "False", "blueType": "None", "descriptionLinks": [{"url": "https://www.conservativebc.ca/burdge", "text": "conservativebc.ca/burdge", "tcourl": "https://t.co/6sotmlOzBf"}], "pinnedIds": "[]", "_type": "snscrape.modules.twitter_api_client.User"}