{"id": "88806482", "id_str": "88806482", "url": "https://x.com/JagrupBrar1", "username": "JagrupBrar1", "displayname": "Jagrup Brar", "rawDescription": "Proudly serving as MLA for Surrey-Fleetwood for the 6th term | Minister of Mining and Critical Minerals | Committed to community service", "created": "2009-11-10 00:29:56+00:00", "followersCount": "3283", "friendsCount": "1443", "statusesCount": "4346", "favouritesCount": "12467", "listedCount": "115", "mediaCount": "978", "location": "Surrey, British Columbia", "profileImageUrl": "https://pbs.twimg.com/profile_images/1859017081536344065/MpWeIeSN_normal.jpg", "profileBannerUrl": "https://pbs.twimg.com/profile_banners/88806482/1731957397", "protected": "None", "verified": "False", "blue": "False", "blueType": "None", "descriptionLinks": [{"url": "https://linktr.ee/jagrup.brar", "text": "linktr.ee/jagrup.brar", "tcourl": "https://t.co/LLDnlVU4U1"}], "pinnedIds": "[]", "_type": "snscrape.modules.twitter.User"}