{"id": "1070527850493632512", "id_str": "1070527850493632512", "url": "https://x.com/jennblatherwick", "username": "jennblatherwick", "displayname": "Jennifer Blatherwick", "rawDescription": "BC MLA for Coquitlam-Maillardville \u2022 Settler on unceded k\u02b7ik\u02b7\u0259\u019b\u0313\u0259m land", "created": "2018-12-06 03:58:23+00:00", "followersCount": "352", "friendsCount": "644", "statusesCount": "800", "favouritesCount": "3148", "listedCount": "7", "mediaCount": "94", "location": "", "profileImageUrl": "https://pbs.twimg.com/profile_images/1853661515121057792/FHUi_Wm3_normal.jpg", "profileBannerUrl": "https://pbs.twimg.com/profile_banners/1070527850493632512/1730782412", "protected": "None", "verified": "False", "blue": "False", "blueType": "None", "descriptionLinks": [{"url": "http://www.jenniferblatherwick.ca", "text": "jenniferblatherwick.ca", "tcourl": "https://t.co/2kUwKYlsSW"}], "pinnedIds": "[]", "_type": "snscrape.modules.twitter_api_client.User"}