{"id": "1314423942", "id_str": "1314423942", "url": "https://x.com/joannakyriazis", "username": "joannakyriazis", "displayname": "Joanna Kyriazis", "rawDescription": "Director of Public Affairs @cleanenergycan. Climate & energy policy, EVs, batteries. she/her. Views my own.", "created": "2013-03-29 16:51:38+00:00", "followersCount": "2402", "friendsCount": "1231", "statusesCount": "6781", "favouritesCount": "4448", "listedCount": "70", "mediaCount": "123", "location": "Ottawa, Ontario", "profileImageUrl": "https://pbs.twimg.com/profile_images/511511041608396801/K1sazdPj_normal.jpeg", "profileBannerUrl": "https://pbs.twimg.com/profile_banners/1314423942/1696907909", "protected": "None", "verified": "False", "blue": "False", "blueType": "None", "descriptionLinks": [{"url": "http://cleanenergycanada.org/", "text": "cleanenergycanada.org", "tcourl": "https://t.co/LEvg1IW2o3"}], "pinnedIds": "[1859978936664698960]", "_type": "snscrape.modules.twitter_api_client.User"}