{"id": "721190828", "id_str": "721190828", "url": "https://x.com/joececiyyc", "username": "joececiyyc", "displayname": "Joe Ceci", "rawDescription": "MLA for Calgary-Buffalo, Minister of Finance 2015-19, five-term YYC Councillor 1995-2010. Music lover, runner & beer snob. NDP Shadow Min. for Arts and Culture.", "created": "2012-07-28 00:51:30+00:00", "followersCount": "28191", "friendsCount": "7216", "statusesCount": "23628", "favouritesCount": "48544", "listedCount": "191", "mediaCount": "3273", "location": "Calgary", "profileImageUrl": "https://pbs.twimg.com/profile_images/1784223248710090752/NE-ea5F7_normal.jpg", "profileBannerUrl": "https://pbs.twimg.com/profile_banners/721190828/1714226798", "protected": "None", "verified": "False", "blue": "False", "blueType": "None", "descriptionLinks": [{"url": "https://linktr.ee/joececi", "text": "linktr.ee/joececi", "tcourl": "https://t.co/Qr2ame9KIc"}], "pinnedIds": "[]", "_type": "snscrape.modules.twitter.User"}