{"id": "2429513718", "id_str": "2429513718", "url": "https://x.com/JonahTimms", "username": "JonahTimms", "displayname": "Jonah Timms", "rawDescription": "A new father, passionate community member, and BC Green Candidate for Fraser-Nicola", "created": "2014-04-05 22:21:42+00:00", "followersCount": "61", "friendsCount": "62", "statusesCount": "62", "favouritesCount": "47", "listedCount": "3", "mediaCount": "1", "location": "Lillooet, British Columbia", "profileImageUrl": "https://pbs.twimg.com/profile_images/1617894768167772164/Kpq9IxAn_normal.jpg", "profileBannerUrl": "https://pbs.twimg.com/profile_banners/2429513718/1598240815", "protected": "None", "verified": "False", "blue": "False", "blueType": "None", "descriptionLinks": [], "pinnedIds": "[]", "_type": "snscrape.modules.twitter_api_client.User"}