{"id": "274888816", "id_str": "274888816", "url": "https://x.com/jordansturdy", "username": "jordansturdy", "displayname": "Jordan Sturdy", "rawDescription": "West Vancouver - Sea to Sky. Dad, farmer & Clydesdale runner.", "created": "2011-03-31 06:35:50+00:00", "followersCount": "2319", "friendsCount": "692", "statusesCount": "2175", "favouritesCount": "1599", "listedCount": "75", "mediaCount": "113", "location": "West Vancouver - Sea to Sky", "profileImageUrl": "https://pbs.twimg.com/profile_images/1320554690090659841/PFKnsFij_normal.jpg", "profileBannerUrl": "https://pbs.twimg.com/profile_banners/274888816/1423095815", "protected": "None", "verified": "False", "blue": "False", "blueType": "None", "descriptionLinks": [], "pinnedIds": "[]", "_type": "snscrape.modules.twitter.User"}