{"id": "206009186", "id_str": "206009186", "url": "https://x.com/Josie_Osborne", "username": "Josie_Osborne", "displayname": "Josie Osborne", "rawDescription": "Pragmatic optimist. Ocean lover. Star Trek fan. Dog walker. Former #Tofino mayor. MLA for Mid Island Pacific Rim. BC\u2019s Minister of Health.", "created": "2010-10-22 02:37:47+00:00", "followersCount": "7683", "friendsCount": "3103", "statusesCount": "17509", "favouritesCount": "12801", "listedCount": "167", "mediaCount": "3858", "location": "Mid Island - Pacific Rim", "profileImageUrl": "https://pbs.twimg.com/profile_images/1848865878399717380/4KcX7c40_normal.jpg", "profileBannerUrl": "https://pbs.twimg.com/profile_banners/206009186/1490322374", "protected": "None", "verified": "False", "blue": "False", "blueType": "None", "descriptionLinks": [{"url": "https://josieosborne.bcndp.ca/", "text": "josieosborne.bcndp.ca", "tcourl": "https://t.co/MjAlCUo1Wg"}], "pinnedIds": "[]", "_type": "snscrape.modules.twitter.User"}