{"id": "1009177504375025664", "id_str": "1009177504375025664", "url": "https://x.com/JSavikataaq", "username": "JSavikataaq", "displayname": "Premier Joe Savikataaq", "rawDescription": "\u14ef\u1557\u14d5\u1585\u144e \u14c4\u14c7\u1557\u14bb\u14a5 // Premier of Nunavut // Hivuliqti Nunavunmi // Premier ministre du Nunavut", "created": "2018-06-19 20:54:01+00:00", "followersCount": "2104", "friendsCount": "71", "statusesCount": "1824", "favouritesCount": "221", "listedCount": "55", "mediaCount": "1139", "location": "Nunavut, Canada", "profileImageUrl": "https://pbs.twimg.com/profile_images/1328395559468666882/ZN7wqUEX_normal.jpg", "profileBannerUrl": "https://pbs.twimg.com/profile_banners/1009177504375025664/1619194853", "protected": "None", "verified": "False", "blue": "False", "blueType": "None", "descriptionLinks": [{"url": "http://www.premier.gov.nu.ca", "text": "premier.gov.nu.ca", "tcourl": "https://t.co/tAglstG2j9"}], "pinnedIds": "[]", "_type": "snscrape.modules.twitter_api_client.User"}