{"id": "1539978391", "id_str": "1539978391", "url": "https://x.com/JyotiGondek", "username": "JyotiGondek", "displayname": "Jyoti Gondek", "rawDescription": "Mayor, City of Calgary. Personal account. she/her.", "created": "2013-06-23 02:35:32+00:00", "followersCount": "51576", "friendsCount": "514", "statusesCount": "8261", "favouritesCount": "7429", "listedCount": "292", "mediaCount": "1078", "location": "Treaty 7/Calgary AB", "profileImageUrl": "https://pbs.twimg.com/profile_images/1861401184474669056/rJoJ7WZN_normal.jpg", "profileBannerUrl": "https://pbs.twimg.com/profile_banners/1539978391/1732627611", "protected": "None", "verified": "False", "blue": "False", "blueType": "None", "descriptionLinks": [{"url": "https://www.calgary.ca/council/mayor.html", "text": "calgary.ca/council/mayor.\u2026", "tcourl": "https://t.co/OJlMylbn0a"}], "pinnedIds": "[]", "_type": "snscrape.modules.twitter_api_client.User"}