{"id": "1450373628", "id_str": "1450373628", "url": "https://x.com/KabirQurban", "username": "KabirQurban", "displayname": "Kabir Qurban \ud83e\udec2", "rawDescription": "Educator, Human Rights Advocate, Non-Profit Executive", "created": "2013-05-23 02:48:40+00:00", "followersCount": "487", "friendsCount": "456", "statusesCount": "997", "favouritesCount": "2392", "listedCount": "4", "mediaCount": "52", "location": "Vancouver, British Columbia", "profileImageUrl": "https://pbs.twimg.com/profile_images/1849158185841537024/q59Iue_d_normal.jpg", "profileBannerUrl": "https://pbs.twimg.com/profile_banners/1450373628/1585278584", "protected": "None", "verified": "False", "blue": "False", "blueType": "None", "descriptionLinks": [{"url": "http://KabirQurban.ca", "text": "KabirQurban.ca", "tcourl": "https://t.co/9DTx1urOrL"}], "pinnedIds": "[]", "_type": "snscrape.modules.twitter_api_client.User"}