{"id": "23017816", "id_str": "23017816", "url": "https://x.com/kelleyskar", "username": "kelleyskar", "displayname": "Kelley Skar", "rawDescription": "Regional Director Okanagan-Shuswap Conservative Party of BC \u26be\ufe0f\ud83c\udfe0 Coach \ud83d\udc68\u200d\ud83d\udc69\u200d\ud83d\udc67\u200d\ud83d\udc66 Dad, Husband \ud83c\udfc8 #GoPackGo,", "created": "2009-03-06 02:33:07+00:00", "followersCount": "3566", "friendsCount": "2997", "statusesCount": "27261", "favouritesCount": "21651", "listedCount": "192", "mediaCount": "762", "location": "BC & Alberta", "profileImageUrl": "https://pbs.twimg.com/profile_images/1841908490631020545/bRBPlXxW_normal.jpg", "profileBannerUrl": "https://pbs.twimg.com/profile_banners/23017816/1677342235", "protected": "None", "verified": "False", "blue": "True", "blueType": "None", "descriptionLinks": [{"url": "http://www.kelleyskar.ca", "text": "kelleyskar.ca", "tcourl": "https://t.co/Ou433uL5tw"}], "pinnedIds": "[1783882695954584054]", "_type": "snscrape.modules.twitter_api_client.User"}