{"id": "718955788702601216", "id_str": "718955788702601216", "url": "https://x.com/Khelsilem", "username": "Khelsilem", "displayname": "Khelsilem", "rawDescription": "No long here. Please find me on Instagram, Bluesky, and Linkedin.", "created": "2016-04-10 00:16:32+00:00", "followersCount": "19230", "friendsCount": "14", "statusesCount": "16619", "favouritesCount": "1700", "listedCount": "150", "mediaCount": "786", "location": "Vancouver, British Columbia", "profileImageUrl": "https://pbs.twimg.com/profile_images/1861599367838474242/AfS3RZmU_normal.jpg", "profileBannerUrl": "None", "protected": "None", "verified": "False", "blue": "False", "blueType": "None", "descriptionLinks": [{"url": "https://linktr.ee/salishsiriano", "text": "linktr.ee/salishsiriano", "tcourl": "https://t.co/SNU2sRJ75S"}], "pinnedIds": "[]", "_type": "snscrape.modules.twitter_api_client.User"}