{"id": "413241060", "id_str": "413241060", "url": "https://x.com/KielGiddens", "username": "KielGiddens", "displayname": "Kiel Giddens", "rawDescription": "Dad. Husband. Northern BC guy who cares about my community. MLA for Prince George-Mackenzie. BC Official Opposition Shadow Minister of Labour.", "created": "2011-11-15 17:03:08+00:00", "followersCount": "1039", "friendsCount": "687", "statusesCount": "2205", "favouritesCount": "7543", "listedCount": "17", "mediaCount": "190", "location": "Prince George", "profileImageUrl": "https://pbs.twimg.com/profile_images/973580039429107712/xOlLOCFi_normal.jpg", "profileBannerUrl": "https://pbs.twimg.com/profile_banners/413241060/1725471869", "protected": "None", "verified": "False", "blue": "False", "blueType": "None", "descriptionLinks": [], "pinnedIds": "[1848133213220380750]", "_type": "snscrape.modules.twitter_api_client.User"}