{"id": "1175566295741321216", "id_str": "1175566295741321216", "url": "https://x.com/krisster8", "username": "krisster8", "displayname": "Krisster 2", "rawDescription": ",  ,anti climate hoax ,renewable fraud, No UN, Expose the fake news media.", "created": "2019-09-22 00:24:00+00:00", "followersCount": "50614", "friendsCount": "46296", "statusesCount": "159924", "favouritesCount": "144426", "listedCount": "76", "mediaCount": "17516", "location": "", "profileImageUrl": "https://pbs.twimg.com/profile_images/1356442794789720068/FU0tMx32_normal.jpg", "profileBannerUrl": "None", "protected": "None", "verified": "False", "blue": "True", "blueType": "None", "descriptionLinks": [], "pinnedIds": "[]", "_type": "snscrape.modules.twitter_api_client.User"}