{"id": "353903334", "id_str": "353903334", "url": "https://x.com/KristopherWells", "username": "KristopherWells", "displayname": "Dr. Kristopher Wells", "rawDescription": "Independent Senator-Alberta, Senate of Canada. Former Canada Research Chair for the Public Understanding of Sexual & Gender Minority Youth. Treaty 6. He/Him", "created": "2011-08-12 20:32:37+00:00", "followersCount": "12115", "friendsCount": "2788", "statusesCount": "42130", "favouritesCount": "57398", "listedCount": "203", "mediaCount": "3097", "location": "Edmonton, Alberta, Canada", "profileImageUrl": "https://pbs.twimg.com/profile_images/1836245219773157377/sU5M8Hku_normal.jpg", "profileBannerUrl": "https://pbs.twimg.com/profile_banners/353903334/1726629962", "protected": "None", "verified": "False", "blue": "False", "blueType": "None", "descriptionLinks": [{"url": "https://sencanada.ca/en/senators/wells-kristopher/", "text": "sencanada.ca/en/senators/we\u2026", "tcourl": "https://t.co/wVBw5tk52y"}], "pinnedIds": "[1864409844884640029]", "_type": "snscrape.modules.twitter_api_client.User"}