{"id": "2573832608", "id_str": "2573832608", "url": "https://x.com/kwardvancouver", "username": "kwardvancouver", "displayname": "karen ward", "rawDescription": "public policy artist", "created": "2014-06-18 00:40:04+00:00", "followersCount": "9226", "friendsCount": "2280", "statusesCount": "120926", "favouritesCount": "15530", "listedCount": "72", "mediaCount": "13389", "location": "downtown eastside ", "profileImageUrl": "https://pbs.twimg.com/profile_images/1697326430198317056/gOPSVf82_normal.jpg", "profileBannerUrl": "https://pbs.twimg.com/profile_banners/2573832608/1692288305", "protected": "None", "verified": "False", "blue": "False", "blueType": "None", "descriptionLinks": [{"url": "http://free-futures-society.org", "text": "free-futures-society.org", "tcourl": "https://t.co/skuq99om8k"}], "pinnedIds": "[1292667853091426304]", "_type": "snscrape.modules.twitter_api_client.User"}