{"id": "2902760530", "id_str": "2902760530", "url": "https://x.com/LefebvrePaul", "username": "LefebvrePaul", "displayname": "Paul Lefebvre", "rawDescription": "Mayor of the City of Greater Sudbury Maire du Grand Sudbury Together, making good things happen. \ud83e\udd1d Accomplir. Ensemble.", "created": "2014-12-02 19:21:48+00:00", "followersCount": "4990", "friendsCount": "889", "statusesCount": "3014", "favouritesCount": "1602", "listedCount": "111", "mediaCount": "801", "location": "Sudbury, Ontario", "profileImageUrl": "https://pbs.twimg.com/profile_images/1539255465489711104/5io-bijw_normal.jpg", "profileBannerUrl": "https://pbs.twimg.com/profile_banners/2902760530/1655822076", "protected": "None", "verified": "False", "blue": "False", "blueType": "None", "descriptionLinks": [{"url": "http://instagram.com/paullefebvresudbury", "text": "instagram.com/paullefebvresu\u2026", "tcourl": "https://t.co/SkVyzGf8F3"}], "pinnedIds": "[]", "_type": "snscrape.modules.twitter_api_client.User"}