{"id": "502225287", "id_str": "502225287", "url": "https://x.com/LeyneLes", "username": "LeyneLes", "displayname": "Les Leyne", "rawDescription": "Monitoring BC politics.", "created": "2012-02-24 23:02:14+00:00", "followersCount": "5255", "friendsCount": "634", "statusesCount": "3402", "favouritesCount": "707", "listedCount": "119", "mediaCount": "238", "location": "Victoria, B.C.", "profileImageUrl": "https://pbs.twimg.com/profile_images/1450900642445156354/YPa7DAR8_normal.jpg", "profileBannerUrl": "None", "protected": "None", "verified": "False", "blue": "False", "blueType": "None", "descriptionLinks": [{"url": "http://www.timescolonist.com", "text": "timescolonist.com", "tcourl": "https://t.co/fPv1PkT9vK"}], "pinnedIds": "[1874590760345194673]", "_type": "snscrape.modules.twitter_api_client.User"}