{"id": "16397147", "id_str": "16397147", "url": "https://x.com/liberal_party", "username": "liberal_party", "displayname": "Liberal Party", "rawDescription": "Liberal Party of Canada | Moving Canada forward, with @JustinTrudeau \ud83c\udde8\ud83c\udde6\nEn fran\u00e7ais \u00e0 : @parti_liberal", "created": "2008-09-22 00:29:05+00:00", "followersCount": "431406", "friendsCount": "4757", "statusesCount": "32180", "favouritesCount": "5869", "listedCount": "2389", "mediaCount": "5143", "location": "Canada", "profileImageUrl": "https://pbs.twimg.com/profile_images/1830967721976057856/cF0arTGJ_normal.jpg", "profileBannerUrl": "https://pbs.twimg.com/profile_banners/16397147/1736536927", "protected": "None", "verified": "False", "blue": "True", "blueType": "None", "descriptionLinks": [{"url": "https://liberal.ca/links/", "text": "liberal.ca/links/", "tcourl": "https://t.co/jDRbIkW8SE"}], "pinnedIds": "[1877558997114347725]", "_type": "snscrape.modules.twitter_api_client.User"}