{"id": "2535895856", "id_str": "2535895856", "url": "https://x.com/LNGAction", "username": "LNGAction", "displayname": "LNG Action", "rawDescription": "Canadian liquefied natural gas exports can reinforce global energy security while creating huge economic benefits for Indigenous communities and all Canadians.", "created": "2014-05-30 21:49:17+00:00", "followersCount": "5174", "friendsCount": "178", "statusesCount": "4088", "favouritesCount": "359", "listedCount": "36", "mediaCount": "438", "location": "Vancouver, British Columbia", "profileImageUrl": "https://pbs.twimg.com/profile_images/1803602197395210240/4T5RyrTG_normal.jpg", "profileBannerUrl": "https://pbs.twimg.com/profile_banners/2535895856/1726340761", "protected": "None", "verified": "False", "blue": "True", "blueType": "Business", "descriptionLinks": [{"url": "http://LNGFacts.ca", "text": "LNGFacts.ca", "tcourl": "https://t.co/t4hT8xhf8G"}], "pinnedIds": "[1878597506533294475]", "_type": "snscrape.modules.twitter_api_client.User"}