{"id": "1732085124257529856", "id_str": "1732085124257529856", "url": "https://x.com/mack4change", "username": "mack4change", "displayname": "Macklin McCall", "rawDescription": "Critic for the Ministry of Emergency Management. MLA for West Kelowna - Peachland. Former RCMP officer. Okanagan born and raised!", "created": "2023-12-05 17:11:02+00:00", "followersCount": "1710", "friendsCount": "2421", "statusesCount": "777", "favouritesCount": "2738", "listedCount": "11", "mediaCount": "170", "location": "West Kelowna, British Columbia", "profileImageUrl": "https://pbs.twimg.com/profile_images/1859053933064581122/bB8usr5Y_normal.jpg", "profileBannerUrl": "https://pbs.twimg.com/profile_banners/1732085124257529856/1730474794", "protected": "None", "verified": "False", "blue": "True", "blueType": "None", "descriptionLinks": [{"url": "https://bcconservativecaucus.ca/", "text": "bcconservativecaucus.ca", "tcourl": "https://t.co/CLNIG67gmD"}], "pinnedIds": "[1878841727534182578]", "_type": "snscrape.modules.twitter_api_client.User"}