{"id": "1062754443798532096", "id_str": "1062754443798532096", "url": "https://x.com/MakisMD", "username": "MakisMD", "displayname": "William Makis MD", "rawDescription": "Radiologist, Oncologist, Cancer Researcher, Author of 100+ publications.\nTop Substack Author: https://t.co/SBv9DfBEPZ", "created": "2018-11-14 17:09:39+00:00", "followersCount": "449893", "friendsCount": "49", "statusesCount": "44652", "favouritesCount": "79118", "listedCount": "1820", "mediaCount": "10388", "location": "Edmonton, Alberta", "profileImageUrl": "https://pbs.twimg.com/profile_images/1706201897512865792/LItqp-Mt_normal.jpg", "profileBannerUrl": "https://pbs.twimg.com/profile_banners/1062754443798532096/1676140052", "protected": "None", "verified": "False", "blue": "True", "blueType": "None", "descriptionLinks": [{"url": "http://makismd.substack.com", "text": "makismd.substack.com", "tcourl": "https://t.co/SBv9DfBEPZ"}, {"url": "http://makismd.substack.com", "text": "makismd.substack.com", "tcourl": "https://t.co/SBv9DfBEPZ"}], "pinnedIds": "[1877545575098261801]", "_type": "snscrape.modules.twitter_api_client.User"}