{"id": "192272849", "id_str": "192272849", "url": "https://x.com/MarkJCarney", "username": "MarkJCarney", "displayname": "Mark Carney", "rawDescription": "Candidat \u00e0 la chefferie du Parti lib\u00e9ral du Canada // Candidate for Leader, Liberal Party of Canada", "created": "2010-09-18 17:26:00+00:00", "followersCount": "102701", "friendsCount": "666", "statusesCount": "898", "favouritesCount": "554", "listedCount": "560", "mediaCount": "182", "location": "Ottawa, Canada", "profileImageUrl": "https://pbs.twimg.com/profile_images/1881439600113012736/4Htx60in_normal.jpg", "profileBannerUrl": "https://pbs.twimg.com/profile_banners/192272849/1737159732", "protected": "None", "verified": "False", "blue": "True", "blueType": "None", "descriptionLinks": [{"url": "http://markcarney.ca", "text": "markcarney.ca", "tcourl": "https://t.co/wN083pq9ha"}], "pinnedIds": "[1882463299377447411]", "_type": "snscrape.modules.twitter_api_client.User"}