{"id": "1006953428155707392", "id_str": "1006953428155707392", "url": "https://x.com/mayorkrog", "username": "mayorkrog", "displayname": "Leonard Krog", "rawDescription": "Mayor of Nanaimo, British Columbia's third oldest city.", "created": "2018-06-13 17:36:20+00:00", "followersCount": "339", "friendsCount": "105", "statusesCount": "100", "favouritesCount": "131", "listedCount": "5", "mediaCount": "43", "location": "Nanaimo, British Columbia", "profileImageUrl": "https://pbs.twimg.com/profile_images/1006956526915862528/d1h0jHNu_normal.jpg", "profileBannerUrl": "https://pbs.twimg.com/profile_banners/1006953428155707392/1529359705", "protected": "None", "verified": "False", "blue": "False", "blueType": "None", "descriptionLinks": [{"url": "http://www.krogformayor.ca", "text": "krogformayor.ca", "tcourl": "https://t.co/m21S7UY9p6"}], "pinnedIds": "[]", "_type": "snscrape.modules.twitter_api_client.User"}