{"id": "735889681313730560", "id_str": "735889681313730560", "url": "https://x.com/MayorMoncton", "username": "MayorMoncton", "displayname": "Dawn Arnold", "rawDescription": "", "created": "2016-05-26 17:45:47+00:00", "followersCount": "1390", "friendsCount": "703", "statusesCount": "304", "favouritesCount": "138", "listedCount": "17", "mediaCount": "76", "location": "", "profileImageUrl": "https://pbs.twimg.com/profile_images/744886708232060928/czeY6Qr5_normal.jpg", "profileBannerUrl": "https://pbs.twimg.com/profile_banners/735889681313730560/1466429868", "protected": "None", "verified": "False", "blue": "False", "blueType": "None", "descriptionLinks": [], "pinnedIds": "[]", "_type": "snscrape.modules.twitter_api_client.User"}