{"id": "1137438540", "id_str": "1137438540", "url": "https://x.com/MelissaLMRogers", "username": "MelissaLMRogers", "displayname": "Melissa \ud83c\udde8\ud83c\udde6", "rawDescription": "Rights & FREEDOM \u2022 Respect & Peace \u2022 Investor \u2022 Posts my own \u2122\ufe0f \u2022 Proudly INTJ \u2022 Traditional Views \u2022 Conservative Values \ud83d\udc81\ud83c\udffb\u200d\u2640\ufe0f Thought Provoking", "created": "2013-01-31 17:22:37+00:00", "followersCount": "49308", "friendsCount": "8991", "statusesCount": "21984", "favouritesCount": "39330", "listedCount": "257", "mediaCount": "2242", "location": "Canada", "profileImageUrl": "https://pbs.twimg.com/profile_images/1602837419723788289/sEfGxN4w_normal.jpg", "profileBannerUrl": "https://pbs.twimg.com/profile_banners/1137438540/1737835818", "protected": "None", "verified": "False", "blue": "True", "blueType": "None", "descriptionLinks": [{"url": "https://www.buymeacoffee.com/melissarogers", "text": "buymeacoffee.com/melissarogers", "tcourl": "https://t.co/ca51X9oHRv"}], "pinnedIds": "[]", "_type": "snscrape.modules.twitter_api_client.User"}