{"id": "437885236", "id_str": "437885236", "url": "https://x.com/MikeEllisUCP", "username": "MikeEllisUCP", "displayname": "Mike Ellis", "rawDescription": "Alberta\u2019s Minister of Public Safety and Emergency Services & Deputy Premier - @Alberta_UCP MLA for Calgary-West", "created": "2011-12-15 23:22:05+00:00", "followersCount": "4616", "friendsCount": "327", "statusesCount": "3676", "favouritesCount": "2762", "listedCount": "89", "mediaCount": "578", "location": "Calgary-West, Alberta", "profileImageUrl": "https://pbs.twimg.com/profile_images/1832107283523969024/0WDqGehJ_normal.jpg", "profileBannerUrl": "https://pbs.twimg.com/profile_banners/437885236/1692650184", "protected": "None", "verified": "False", "blue": "True", "blueType": "None", "descriptionLinks": [{"url": "https://ucpcaucus.ca/mike-ellis/", "text": "ucpcaucus.ca/mike-ellis/", "tcourl": "https://t.co/RbgQQWBqNb"}], "pinnedIds": "[1868788108004872617]", "_type": "snscrape.modules.twitter.User"}