{"id": "239044308", "id_str": "239044308", "url": "https://x.com/MikeSmythNews", "username": "MikeSmythNews", "displayname": "Mike Smyth", "rawDescription": "Host of The Mike Smyth Show, nine-to-noon weekdays, CKNW AM-980. Global News columnist. Tips, radio and column ideas: mike@cknw.com. I protect my sources.", "created": "2011-01-16 17:33:13+00:00", "followersCount": "25561", "friendsCount": "1906", "statusesCount": "11535", "favouritesCount": "9376", "listedCount": "401", "mediaCount": "668", "location": "Vancouver, B.C., Canada", "profileImageUrl": "https://pbs.twimg.com/profile_images/1002258397855531008/guXKebsF_normal.jpg", "profileBannerUrl": "https://pbs.twimg.com/profile_banners/239044308/1432397683", "protected": "None", "verified": "False", "blue": "False", "blueType": "None", "descriptionLinks": [{"url": "http://cknw.com", "text": "cknw.com", "tcourl": "https://t.co/LJTNvq0zFf"}], "pinnedIds": "[]", "_type": "snscrape.modules.twitter_api_client.User"}