{"id": "1648808373201305600", "id_str": "1648808373201305600", "url": "https://x.com/Mike4Langford", "username": "Mike4Langford", "displayname": "Mike Harris", "rawDescription": "Nomination Candidate for Cowichan Malahat Langford, Conservative Party of Canada", "created": "2023-04-19 22:01:22+00:00", "followersCount": "3011", "friendsCount": "4865", "statusesCount": "1315", "favouritesCount": "1513", "listedCount": "11", "mediaCount": "301", "location": "Langford, British Columbia", "profileImageUrl": "https://pbs.twimg.com/profile_images/1738056549262876672/yiEjZNUw_normal.jpg", "profileBannerUrl": "https://pbs.twimg.com/profile_banners/1648808373201305600/1737778556", "protected": "None", "verified": "False", "blue": "True", "blueType": "None", "descriptionLinks": [], "pinnedIds": "[1874265040616038742]", "_type": "snscrape.modules.twitter_api_client.User"}