{"id": "451746511", "id_str": "451746511", "url": "https://x.com/MLChristiansen", "username": "MLChristiansen", "displayname": "Matt Christiansen", "rawDescription": "YouTuber and podcaster talking politics and culture from the refuge of a wilderness fortress | business or private inquiry: matt@mattchristiansenmedia.com \ud83c\uddfa\ud83c\uddf8", "created": "2011-12-31 23:37:38+00:00", "followersCount": "32609", "friendsCount": "567", "statusesCount": "69389", "favouritesCount": "54783", "listedCount": "218", "mediaCount": "14791", "location": "Bozeman, Montana", "profileImageUrl": "https://pbs.twimg.com/profile_images/820456542482726912/p5RQuhPw_normal.jpg", "profileBannerUrl": "https://pbs.twimg.com/profile_banners/451746511/1539746992", "protected": "None", "verified": "False", "blue": "True", "blueType": "None", "descriptionLinks": [{"url": "http://mattchristiansenmedia.com", "text": "mattchristiansenmedia.com", "tcourl": "https://t.co/3zoogQDR0T"}], "pinnedIds": "[1613187919736606722]", "_type": "snscrape.modules.twitter_api_client.User"}