{"id": "78208471", "id_str": "78208471", "url": "https://x.com/MuseumofNature", "username": "MuseumofNature", "displayname": "Museum of Nature", "rawDescription": "The Canadian Museum of Nature is Canada\u2019s national natural sciences and natural history museum. Pour des infos en fran\u00e7ais, visitez @museedelanature", "created": "2009-09-29 03:51:05+00:00", "followersCount": "82608", "friendsCount": "1675", "statusesCount": "16263", "favouritesCount": "8720", "listedCount": "804", "mediaCount": "4641", "location": "Ottawa | Ontario, Canada", "profileImageUrl": "https://pbs.twimg.com/profile_images/634427746907623425/qK1BnQyi_normal.png", "profileBannerUrl": "https://pbs.twimg.com/profile_banners/78208471/1733763243", "protected": "None", "verified": "False", "blue": "False", "blueType": "None", "descriptionLinks": [{"url": "http://nature.ca", "text": "nature.ca", "tcourl": "https://t.co/CECY74RlJc"}], "pinnedIds": "[1417567539928997888]", "_type": "snscrape.modules.twitter_api_client.User"}