{"id": "214906527", "id_str": "214906527", "url": "https://x.com/Music_Canada", "username": "Music_Canada", "displayname": "Music Canada", "rawDescription": "We are a passionate advocate for music and those who create it.", "created": "2010-11-12 14:36:24+00:00", "followersCount": "28898", "friendsCount": "4371", "statusesCount": "24924", "favouritesCount": "1989", "listedCount": "278", "mediaCount": "2097", "location": "Canada", "profileImageUrl": "https://pbs.twimg.com/profile_images/859137307030454273/l_VbX6nt_normal.jpg", "profileBannerUrl": "https://pbs.twimg.com/profile_banners/214906527/1688658181", "protected": "None", "verified": "False", "blue": "False", "blueType": "None", "descriptionLinks": [{"url": "http://www.musiccanada.com/", "text": "musiccanada.com", "tcourl": "https://t.co/ZKxz7O9PfD"}], "pinnedIds": "[]", "_type": "snscrape.modules.twitter_api_client.User"}