{"id": "388971447", "id_str": "388971447", "url": "https://x.com/NACCCanada", "username": "NACCCanada", "displayname": "National Association of Career Colleges (NACC)", "rawDescription": "A National Voice Since 1896\nRepresenting more than 550 Regulated Career Colleges across Canada", "created": "2011-10-11 16:53:04+00:00", "followersCount": "1296", "friendsCount": "619", "statusesCount": "3023", "favouritesCount": "170", "listedCount": "36", "mediaCount": "911", "location": "Ottawa, Ontario", "profileImageUrl": "https://pbs.twimg.com/profile_images/1808167451059707904/5eevGlWv_normal.jpg", "profileBannerUrl": "https://pbs.twimg.com/profile_banners/388971447/1736370317", "protected": "None", "verified": "False", "blue": "False", "blueType": "None", "descriptionLinks": [{"url": "http://www.nacc.ca/", "text": "nacc.ca", "tcourl": "https://t.co/SLcyGfyAPk"}], "pinnedIds": "[]", "_type": "snscrape.modules.twitter_api_client.User"}