{"id": "297688038", "id_str": "297688038", "url": "https://x.com/NatCounterPunch", "username": "NatCounterPunch", "displayname": "CounterPunch", "rawDescription": "Tells the facts, names the names.", "created": "2011-05-12 23:04:47+00:00", "followersCount": "67201", "friendsCount": "6360", "statusesCount": "33208", "favouritesCount": "42106", "listedCount": "1697", "mediaCount": "4990", "location": "PDX", "profileImageUrl": "https://pbs.twimg.com/profile_images/1764015369050849280/dyhgJ2Ee_normal.jpg", "profileBannerUrl": "https://pbs.twimg.com/profile_banners/297688038/1700495344", "protected": "None", "verified": "False", "blue": "False", "blueType": "None", "descriptionLinks": [{"url": "http://counterpunch.org", "text": "counterpunch.org", "tcourl": "https://t.co/HX6hpoAOo7"}], "pinnedIds": "[]", "_type": "snscrape.modules.twitter_api_client.User"}