{"id": "23491400", "id_str": "23491400", "url": "https://x.com/nccm", "username": "nccm", "displayname": "NCCM", "rawDescription": "The official Twitter account of NCCM - the National Council of Canadian Muslims. RT\u2260endorsements UOI. Francais: @CNMC_Quebec", "created": "2009-03-09 20:03:47+00:00", "followersCount": "22990", "friendsCount": "1891", "statusesCount": "17827", "favouritesCount": "2941", "listedCount": "184", "mediaCount": "2679", "location": "Canada", "profileImageUrl": "https://pbs.twimg.com/profile_images/971073500428447744/i6dOk3___normal.jpg", "profileBannerUrl": "https://pbs.twimg.com/profile_banners/23491400/1667408905", "protected": "None", "verified": "False", "blue": "True", "blueType": "None", "descriptionLinks": [], "pinnedIds": "[]", "_type": "snscrape.modules.twitter_api_client.User"}