{"id": "1533422197590695936", "id_str": "1533422197590695936", "url": "https://x.com/nlmedia11", "username": "nlmedia11", "displayname": "Ken Winsor", "rawDescription": "Please take a minute to visit our Facebook group 'Wind Concerns NL' click on the link below.\n\nhttps://t.co/x1LuSkYOcj", "created": "2022-06-05 12:15:54+00:00", "followersCount": "28377", "friendsCount": "2461", "statusesCount": "11018", "favouritesCount": "19235", "listedCount": "52", "mediaCount": "3266", "location": "St. John's, Newfoundland and L", "profileImageUrl": "https://pbs.twimg.com/profile_images/1815520424333127680/9XB_zpTp_normal.jpg", "profileBannerUrl": "https://pbs.twimg.com/profile_banners/1533422197590695936/1704326819", "protected": "None", "verified": "False", "blue": "False", "blueType": "None", "descriptionLinks": [{"url": "https://www.facebook.com/groups/windconcernsnl/?ref=share_group_li", "text": "facebook.com/groups/windcon\u2026", "tcourl": "https://t.co/x1LuSkYOcj"}, {"url": "https://windconcernsnl.com/", "text": "windconcernsnl.com", "tcourl": "https://t.co/RmoSGx26DV"}], "pinnedIds": "[1882465483884237264]", "_type": "snscrape.modules.twitter_api_client.User"}