{"id": "369691794", "id_str": "369691794", "url": "https://x.com/NolanDyckAB", "username": "NolanDyckAB", "displayname": "Nolan Dyck", "rawDescription": "MLA for the incredible riding of Grande Prairie AB!", "created": "2011-09-07 19:45:16+00:00", "followersCount": "347", "friendsCount": "299", "statusesCount": "377", "favouritesCount": "402", "listedCount": "9", "mediaCount": "164", "location": "Grande Prairie, AB", "profileImageUrl": "https://pbs.twimg.com/profile_images/1624276734618275840/qZRnurD__normal.jpg", "profileBannerUrl": "https://pbs.twimg.com/profile_banners/369691794/1676092700", "protected": "None", "verified": "False", "blue": "False", "blueType": "None", "descriptionLinks": [{"url": "http://www.nolandyck.com", "text": "nolandyck.com", "tcourl": "https://t.co/rtyfaSV8Xo"}], "pinnedIds": "[]", "_type": "snscrape.modules.twitter.User"}