{"id": "3018738990", "id_str": "3018738990", "url": "https://x.com/noorkidwai", "username": "noorkidwai", "displayname": "Noor Kidwai", "rawDescription": "Comedian/Sketch Artist \ud83c\udde8\ud83c\udde6", "created": "2015-02-13 18:56:02+00:00", "followersCount": "1098", "friendsCount": "909", "statusesCount": "1070", "favouritesCount": "5850", "listedCount": "11", "mediaCount": "179", "location": "", "profileImageUrl": "https://pbs.twimg.com/profile_images/1790867991787106304/BZMYoWjT_normal.jpg", "profileBannerUrl": "https://pbs.twimg.com/profile_banners/3018738990/1587510769", "protected": "None", "verified": "False", "blue": "False", "blueType": "None", "descriptionLinks": [{"url": "http://www.noorkidwai.com", "text": "noorkidwai.com", "tcourl": "https://t.co/iDAuuGzvkA"}], "pinnedIds": "[1380337210218586114]", "_type": "snscrape.modules.twitter_api_client.User"}