{"id": "917474639684571136", "id_str": "917474639684571136", "url": "https://x.com/NTaylorSaanich", "username": "NTaylorSaanich", "displayname": "Ned Taylor", "rawDescription": "Former Saanich Councillor & CRD Director (2018 - 2022).", "created": "2017-10-09 19:39:34+00:00", "followersCount": "1876", "friendsCount": "1764", "statusesCount": "3436", "favouritesCount": "7891", "listedCount": "11", "mediaCount": "304", "location": "L'kwungen/W\u0331S\u00c1NE\u0106 Territories", "profileImageUrl": "https://pbs.twimg.com/profile_images/1751353308554637312/ma2qredQ_normal.jpg", "profileBannerUrl": "https://pbs.twimg.com/profile_banners/917474639684571136/1706390594", "protected": "None", "verified": "False", "blue": "False", "blueType": "None", "descriptionLinks": [{"url": "https://linktr.ee/nedtaylorsaanich", "text": "linktr.ee/nedtaylorsaani\u2026", "tcourl": "https://t.co/eoTSSLZ7CW"}], "pinnedIds": "[]", "_type": "snscrape.modules.twitter_api_client.User"}