{"id": "823600974795247618", "id_str": "823600974795247618", "url": "https://x.com/OCL_CAL", "username": "OCL_CAL", "displayname": "Office of the Commissioner of Lobbying", "rawDescription": "Official account for Office of the Commissioner of Lobbying of Canada. Fran\u00e7ais: @CAL_OCL Terms: https://t.co/2QtDTkadgh", "created": "2017-01-23 18:39:09+00:00", "followersCount": "619", "friendsCount": "136", "statusesCount": "402", "favouritesCount": "37", "listedCount": "10", "mediaCount": "210", "location": "Ottawa, Canada", "profileImageUrl": "https://pbs.twimg.com/profile_images/1064984084311564288/1FVEQfQ2_normal.jpg", "profileBannerUrl": "https://pbs.twimg.com/profile_banners/823600974795247618/1538569414", "protected": "None", "verified": "False", "blue": "False", "blueType": "None", "descriptionLinks": [{"url": "http://lobbycanada.gc.ca/en/interacting-with-the-ocl-on-social-media/", "text": "lobbycanada.gc.ca/en/interacting\u2026", "tcourl": "https://t.co/2QtDTkadgh"}, {"url": "https://lobbycanada.gc.ca/en/", "text": "lobbycanada.gc.ca/en/", "tcourl": "https://t.co/ZyG8bmCdCX"}], "pinnedIds": "[]", "_type": "snscrape.modules.twitter_api_client.User"}