{"id": "1371215688715575298", "id_str": "1371215688715575298", "url": "https://x.com/OdessaOrlewicz", "username": "OdessaOrlewicz", "displayname": "Odessa Orlewicz", "rawDescription": "Liberty Talk Canada-Host. Follow my Rumble channel: https://t.co/Pijc8npjfa", "created": "2021-03-14 21:44:39+00:00", "followersCount": "32730", "friendsCount": "3261", "statusesCount": "9971", "favouritesCount": "23932", "listedCount": "105", "mediaCount": "1511", "location": "Vancouver, Canada", "profileImageUrl": "https://pbs.twimg.com/profile_images/1736216038000451584/AteOPDRW_normal.jpg", "profileBannerUrl": "https://pbs.twimg.com/profile_banners/1371215688715575298/1697772256", "protected": "None", "verified": "False", "blue": "True", "blueType": "None", "descriptionLinks": [{"url": "https://rumble.com/user/Libertytalkcanada", "text": "rumble.com/user/Libertyta\u2026", "tcourl": "https://t.co/Pijc8npjfa"}, {"url": "http://librti.com/odessa", "text": "librti.com/odessa", "tcourl": "https://t.co/1JPf8yLh0o"}], "pinnedIds": "[1882939931892305989]", "_type": "snscrape.modules.twitter_api_client.User"}