{"id": "20059181", "id_str": "20059181", "url": "https://x.com/oliviachow", "username": "oliviachow", "displayname": "Olivia Chow", "rawDescription": "Former City Councillor, Member of Parliament, and school trustee. Personal account.", "created": "2009-02-04 15:06:17+00:00", "followersCount": "144503", "friendsCount": "1858", "statusesCount": "10059", "favouritesCount": "3741", "listedCount": "1181", "mediaCount": "2419", "location": "Toronto", "profileImageUrl": "https://pbs.twimg.com/profile_images/1647948992158789635/FYuaqF1b_normal.jpg", "profileBannerUrl": "https://pbs.twimg.com/profile_banners/20059181/1687308024", "protected": "None", "verified": "False", "blue": "False", "blueType": "None", "descriptionLinks": [{"url": "https://www.oliviachow.ca/", "text": "oliviachow.ca", "tcourl": "https://t.co/wSE7mOKbcn"}], "pinnedIds": "[1681687832979447810]", "_type": "snscrape.modules.twitter_api_client.User"}