{"id": "565775307", "id_str": "565775307", "url": "https://x.com/ONE_in_Canada", "username": "ONE_in_Canada", "displayname": "ONE Canada", "rawDescription": "ONE fights for a more just world by demanding the investments needed to create economic opportunities and healthier lives in Africa.", "created": "2012-04-28 19:45:17+00:00", "followersCount": "3496", "friendsCount": "2132", "statusesCount": "11442", "favouritesCount": "10201", "listedCount": "71", "mediaCount": "3498", "location": "Canada", "profileImageUrl": "https://pbs.twimg.com/profile_images/860506584874532864/5lDg0YJy_normal.jpg", "profileBannerUrl": "https://pbs.twimg.com/profile_banners/565775307/1709309628", "protected": "None", "verified": "False", "blue": "False", "blueType": "None", "descriptionLinks": [{"url": "https://www.one.org/canada/", "text": "one.org/canada/", "tcourl": "https://t.co/X2V21xY4MA"}], "pinnedIds": "[1863231653595816310]", "_type": "snscrape.modules.twitter_api_client.User"}