{"id": "1330928232712069123", "id_str": "1330928232712069123", "url": "https://x.com/patriot_review", "username": "patriot_review", "displayname": "Canadian Patriot Review", "rawDescription": "The Canadian Patriot Press is a journal devoted to history, geopolitics, finance and economics with a focus on bringing Canada into the multipolar alliance", "created": "2020-11-23 17:37:46+00:00", "followersCount": "541", "friendsCount": "71", "statusesCount": "61", "favouritesCount": "12", "listedCount": "6", "mediaCount": "8", "location": "", "profileImageUrl": "https://pbs.twimg.com/profile_images/1330928725177851906/AH-87J_m_normal.jpg", "profileBannerUrl": "https://pbs.twimg.com/profile_banners/1330928232712069123/1606154989", "protected": "None", "verified": "False", "blue": "False", "blueType": "None", "descriptionLinks": [{"url": "http://www.canadianpatriot.org", "text": "canadianpatriot.org", "tcourl": "https://t.co/nfomGM6yOX"}], "pinnedIds": "[]", "_type": "snscrape.modules.twitter_api_client.User"}