{"id": "1121765520523583488", "id_str": "1121765520523583488", "url": "https://x.com/PBC_CLCC_en", "username": "PBC_CLCC_en", "displayname": "Parole Board of Canada", "rawDescription": "Suivez-nous en Fran\u00e7ais @CLCC_PBC_fr \nTerms of Use https://t.co/paqUhgQh4r", "created": "2019-04-26 13:18:36+00:00", "followersCount": "1129", "friendsCount": "71", "statusesCount": "2753", "favouritesCount": "9", "listedCount": "7", "mediaCount": "1370", "location": "", "profileImageUrl": "https://pbs.twimg.com/profile_images/1760001398945558529/8qqA8bET_normal.jpg", "profileBannerUrl": "https://pbs.twimg.com/profile_banners/1121765520523583488/1708452046", "protected": "None", "verified": "False", "blue": "False", "blueType": "Government", "descriptionLinks": [{"url": "https://bit.ly/2WFzpuk", "text": "bit.ly/2WFzpuk", "tcourl": "https://t.co/paqUhgQh4r"}, {"url": "http://canada.ca/parole-board-of-canada", "text": "canada.ca/parole-board-o\u2026", "tcourl": "https://t.co/cjWv60AFsC"}], "pinnedIds": "[1781294964871155990]", "_type": "snscrape.modules.twitter_api_client.User"}