{"id": "1255600412121538567", "id_str": "1255600412121538567", "url": "https://x.com/PepStreebek1", "username": "PepStreebek1", "displayname": "Pep", "rawDescription": "\ud83c\udde8\ud83c\udde6\ud83c\uddfa\ud83c\uddf8 0% liberal FJT FJB Build the Energy East pipeline", "created": "2020-04-29 20:50:52+00:00", "followersCount": "2031", "friendsCount": "2034", "statusesCount": "17632", "favouritesCount": "49099", "listedCount": "1", "mediaCount": "3576", "location": "East coast", "profileImageUrl": "https://pbs.twimg.com/profile_images/1441099427758833666/fFb1eFqV_normal.jpg", "profileBannerUrl": "https://pbs.twimg.com/profile_banners/1255600412121538567/1600557012", "protected": "None", "verified": "False", "blue": "False", "blueType": "None", "descriptionLinks": [], "pinnedIds": "[]", "_type": "snscrape.modules.twitter_api_client.User"}