{"id": "285665394", "id_str": "285665394", "url": "https://x.com/PMPRB_CEPMB", "username": "PMPRB_CEPMB", "displayname": "PMPRB_CEPMB", "rawDescription": "Patented Medicine Prices Review Board | Conseil d'examen du prix des m\u00e9dicaments brevet\u00e9s. Twitter Protocol/protocole relatif \u00e0 Twitter: https://t.co/DqDAR517dj", "created": "2011-04-21 15:25:49+00:00", "followersCount": "1926", "friendsCount": "40", "statusesCount": "3932", "favouritesCount": "16", "listedCount": "31", "mediaCount": "308", "location": "Ottawa, ON", "profileImageUrl": "https://pbs.twimg.com/profile_images/662016541702123520/jD3IyYRD_normal.png", "profileBannerUrl": "https://pbs.twimg.com/profile_banners/285665394/1469019529", "protected": "None", "verified": "False", "blue": "False", "blueType": "Government", "descriptionLinks": [{"url": "http://ow.ly/Ufgst", "text": "ow.ly/Ufgst", "tcourl": "https://t.co/DqDAR517dj"}, {"url": "https://www.canada.ca/en/patented-medicine-prices-review.html", "text": "canada.ca/en/patented-me\u2026", "tcourl": "https://t.co/46VahmgYfH"}], "pinnedIds": "[]", "_type": "snscrape.modules.twitter_api_client.User"}