{"id": "196252207", "id_str": "196252207", "url": "https://x.com/PortVancouver", "username": "PortVancouver", "displayname": "Port of Vancouver", "rawDescription": "Canada\u2019s largest port, connecting the nation to 170+ countries. Account managed by the Vancouver Fraser Port Authority. #MyPortCity\nFran\u00e7ais: @PortVancouverFR", "created": "2010-09-28 17:51:46+00:00", "followersCount": "14478", "friendsCount": "1659", "statusesCount": "11146", "favouritesCount": "4876", "listedCount": "337", "mediaCount": "3283", "location": "Metro Vancouver, BC", "profileImageUrl": "https://pbs.twimg.com/profile_images/1808618165842423808/zzaIk8uv_normal.jpg", "profileBannerUrl": "https://pbs.twimg.com/profile_banners/196252207/1631126447", "protected": "None", "verified": "False", "blue": "True", "blueType": "None", "descriptionLinks": [{"url": "http://portvancouver.com", "text": "portvancouver.com", "tcourl": "https://t.co/xPOtdgocTt"}], "pinnedIds": "[]", "_type": "snscrape.modules.twitter_api_client.User"}