{"id": "245601025", "id_str": "245601025", "url": "https://x.com/PSPC_SPAC", "username": "PSPC_SPAC", "displayname": "Public Services and Procurement Canada", "rawDescription": "Official page for Public Services and Procurement Canada Fran\u00e7ais: @SPAC_PSPC Terms: https://t.co/KhcWk0KbfD", "created": "2011-02-01 02:02:02+00:00", "followersCount": "44378", "friendsCount": "206", "statusesCount": "12705", "favouritesCount": "2476", "listedCount": "332", "mediaCount": "5609", "location": "", "profileImageUrl": "https://pbs.twimg.com/profile_images/992491152455516160/N-FSCHDV_normal.jpg", "profileBannerUrl": "https://pbs.twimg.com/profile_banners/245601025/1733317369", "protected": "None", "verified": "False", "blue": "False", "blueType": "Government", "descriptionLinks": [{"url": "http://ow.ly/XaG750MJnMK", "text": "ow.ly/XaG750MJnMK", "tcourl": "https://t.co/KhcWk0KbfD"}, {"url": "http://Canada.ca/pspc", "text": "Canada.ca/pspc", "tcourl": "https://t.co/g9uVex09P9"}], "pinnedIds": "[]", "_type": "snscrape.modules.twitter_api_client.User"}