{"id": "41413178", "id_str": "41413178", "url": "https://x.com/QMUNITY", "username": "QMUNITY", "displayname": "QMUNITY", "rawDescription": "@QMUNITY is what happens when 2SLGBTQIA+ folks searching for community come together. Get involved \u279c https://t.co/Z2UKPGevB5", "created": "2009-05-20 18:11:20+00:00", "followersCount": "5127", "friendsCount": "727", "statusesCount": "3323", "favouritesCount": "896", "listedCount": "129", "mediaCount": "1147", "location": "Vancouver, BC", "profileImageUrl": "https://pbs.twimg.com/profile_images/760628526827450369/mlU2swkG_normal.jpg", "profileBannerUrl": "https://pbs.twimg.com/profile_banners/41413178/1558981969", "protected": "None", "verified": "False", "blue": "False", "blueType": "None", "descriptionLinks": [{"url": "http://qmunity.ca", "text": "qmunity.ca", "tcourl": "https://t.co/Z2UKPGevB5"}, {"url": "http://www.qmunity.ca", "text": "qmunity.ca", "tcourl": "https://t.co/ApUKhlpjsh"}], "pinnedIds": "[]", "_type": "snscrape.modules.twitter_api_client.User"}