{"id": "1009093110159364096", "id_str": "1009093110159364096", "url": "https://x.com/QuebecFier", "username": "QuebecFier", "displayname": "Qu\u00e9bec FIER", "rawDescription": "Qu\u00e9bec Fier est un collectif de citoyens engag\u00e9s, pour un Qu\u00e9bec FIER, FORT et LIBRE \u2013 Photo : les Chic-Chocs en Gasp\u00e9sie", "created": "2018-06-19 15:18:40+00:00", "followersCount": "7658", "friendsCount": "1031", "statusesCount": "18841", "favouritesCount": "4702", "listedCount": "21", "mediaCount": "6753", "location": "Montr\u00e9al, Qu\u00e9bec", "profileImageUrl": "https://pbs.twimg.com/profile_images/1445133679014072329/yPDCL2Ft_normal.jpg", "profileBannerUrl": "https://pbs.twimg.com/profile_banners/1009093110159364096/1736364238", "protected": "None", "verified": "False", "blue": "True", "blueType": "None", "descriptionLinks": [{"url": "https://www.quebecfier.org/contributionmensuelle", "text": "quebecfier.org/contributionme\u2026", "tcourl": "https://t.co/xEbJ12HGzq"}], "pinnedIds": "[1859252295549980916]", "_type": "snscrape.modules.twitter_api_client.User"}