{"id": "1554558753793531905", "id_str": "1554558753793531905", "url": "https://x.com/queermomentum", "username": "queermomentum", "displayname": "Momentum", "rawDescription": "Accelerating Social & Gender Justice for 2SLGBTQIA+ People. Addressing rising anti-2SLGBTQIA+ hate and challenging government inaction on \ud83c\udff3\ufe0f\u200d\ud83c\udf08 issues", "created": "2022-08-02 20:04:39+00:00", "followersCount": "2361", "friendsCount": "673", "statusesCount": "1621", "favouritesCount": "1032", "listedCount": "14", "mediaCount": "199", "location": "", "profileImageUrl": "https://pbs.twimg.com/profile_images/1651943211647025155/YeESsXgQ_normal.jpg", "profileBannerUrl": "https://pbs.twimg.com/profile_banners/1554558753793531905/1713980849", "protected": "None", "verified": "False", "blue": "False", "blueType": "None", "descriptionLinks": [{"url": "http://momentumcanada.net", "text": "momentumcanada.net", "tcourl": "https://t.co/lWvTjhoufL"}], "pinnedIds": "[]", "_type": "snscrape.modules.twitter_api_client.User"}