{"id": "43193532", "id_str": "43193532", "url": "https://x.com/queerfilmfest", "username": "queerfilmfest", "displayname": "Vancouver Queer Film Festival", "rawDescription": "Illuminating, celebrating, and transforming 2SLGBTQIA+ lives through film, education, and dialogue \ud83c\udf08\ud83d\udcfd\ud83c\udf05 #VQFF2025 in September. More active on Instagram \ud83d\udcf8", "created": "2009-05-28 20:51:24+00:00", "followersCount": "8303", "friendsCount": "1376", "statusesCount": "11896", "favouritesCount": "3017", "listedCount": "303", "mediaCount": "2168", "location": "BC", "profileImageUrl": "https://pbs.twimg.com/profile_images/1672296759656325120/8jFBBLaP_normal.jpg", "profileBannerUrl": "https://pbs.twimg.com/profile_banners/43193532/1682019136", "protected": "None", "verified": "False", "blue": "False", "blueType": "None", "descriptionLinks": [{"url": "https://linktr.ee/queerfilmfest", "text": "linktr.ee/queerfilmfest", "tcourl": "https://t.co/jEm4sfKkIY"}], "pinnedIds": "[1853520427835916465]", "_type": "snscrape.modules.twitter_api_client.User"}