{"id": "16434613", "id_str": "16434613", "url": "https://x.com/redcrosscanada", "username": "redcrosscanada", "displayname": "Canadian Red Cross", "rawDescription": "We help people and communities in Canada and around the world in times of need and support them in strengthening their resilience. FR: @CroixRouge_Qc", "created": "2008-09-24 14:00:32+00:00", "followersCount": "154290", "friendsCount": "18601", "statusesCount": "21204", "favouritesCount": "9355", "listedCount": "1213", "mediaCount": "6181", "location": "Canada", "profileImageUrl": "https://pbs.twimg.com/profile_images/778941874258206720/VXaKM2Gg_normal.jpg", "profileBannerUrl": "https://pbs.twimg.com/profile_banners/16434613/1690816014", "protected": "None", "verified": "False", "blue": "False", "blueType": "Business", "descriptionLinks": [{"url": "https://www.redcross.ca", "text": "redcross.ca", "tcourl": "https://t.co/bB3F3CDSCD"}], "pinnedIds": "[]", "_type": "snscrape.modules.twitter_api_client.User"}