{"id": "1069024669980717057", "id_str": "1069024669980717057", "url": "https://x.com/RichardKnack", "username": "RichardKnack", "displayname": "Richard Knack", "rawDescription": "Proud Canadian .Honesty, Morals & Ethics.Former conservative but smartened up. Volunteer with people in need & seniors. Block conspiracy followers.Stop UCP.", "created": "2018-12-02 00:25:17+00:00", "followersCount": "3442", "friendsCount": "1551", "statusesCount": "35257", "favouritesCount": "46087", "listedCount": "37", "mediaCount": "1786", "location": "Edmonton, Alberta", "profileImageUrl": "https://pbs.twimg.com/profile_images/1760131452535287808/OTpiqlt9_normal.jpg", "profileBannerUrl": "https://pbs.twimg.com/profile_banners/1069024669980717057/1694900652", "protected": "None", "verified": "False", "blue": "False", "blueType": "None", "descriptionLinks": [], "pinnedIds": "[1852937716268143048]", "_type": "snscrape.modules.twitter_api_client.User"}