{"id": "822190228119154689", "id_str": "822190228119154689", "url": "https://x.com/RMCCanadaCMR", "username": "RMCCanadaCMR", "displayname": "RMC Canada CMR", "rawDescription": "https://t.co/mLrRXImMQr", "created": "2017-01-19 21:13:21+00:00", "followersCount": "3235", "friendsCount": "91", "statusesCount": "1990", "favouritesCount": "1607", "listedCount": "56", "mediaCount": "713", "location": "Kingston, Ontario", "profileImageUrl": "https://pbs.twimg.com/profile_images/1710353657957380096/EhBxysad_normal.jpg", "profileBannerUrl": "https://pbs.twimg.com/profile_banners/822190228119154689/1633393370", "protected": "None", "verified": "False", "blue": "False", "blueType": "None", "descriptionLinks": [{"url": "https://linktr.ee/rmc_cmr", "text": "linktr.ee/rmc_cmr", "tcourl": "https://t.co/mLrRXImMQr"}], "pinnedIds": "[]", "_type": "snscrape.modules.twitter_api_client.User"}