{"id": "1349972284891512834", "id_str": "1349972284891512834", "url": "https://x.com/RosieRocks29", "username": "RosieRocks29", "displayname": "Tokyo Rosie", "rawDescription": "It is no measure of health to be well adjusted to a profoundly sick society. I say stuff. If you're offended, it doesn't mean you're right.\ud83c\udde8\ud83c\udde6 Farm girl.\ud83c\udf4e\ud83c\udf4e", "created": "2021-01-15 06:51:01+00:00", "followersCount": "33748", "friendsCount": "10309", "statusesCount": "23876", "favouritesCount": "167881", "listedCount": "30", "mediaCount": "4043", "location": "", "profileImageUrl": "https://pbs.twimg.com/profile_images/1401028022606520320/VdSKgU1i_normal.jpg", "profileBannerUrl": "https://pbs.twimg.com/profile_banners/1349972284891512834/1728361896", "protected": "None", "verified": "False", "blue": "True", "blueType": "None", "descriptionLinks": [], "pinnedIds": "[]", "_type": "snscrape.modules.twitter_api_client.User"}