{"id": "109031537", "id_str": "109031537", "url": "https://x.com/RuleofLawCanada", "username": "RuleofLawCanada", "displayname": "Fundamental Justice", "rawDescription": "power to the people\nconfronting corruption and fraud in our political / legal system\nhttps://t.co/jSBaR5osrE", "created": "2010-01-27 19:19:10+00:00", "followersCount": "3672", "friendsCount": "2639", "statusesCount": "39086", "favouritesCount": "58286", "listedCount": "28", "mediaCount": "2089", "location": "British Columbia, Canada", "profileImageUrl": "https://pbs.twimg.com/profile_images/1410629343848452104/7uTOT7T4_normal.jpg", "profileBannerUrl": "https://pbs.twimg.com/profile_banners/109031537/1625155219", "protected": "None", "verified": "False", "blue": "False", "blueType": "None", "descriptionLinks": [{"url": "http://fundamentaljustice.com", "text": "fundamentaljustice.com", "tcourl": "https://t.co/jSBaR5osrE"}, {"url": "http://www.fundamentaljustice.com", "text": "fundamentaljustice.com", "tcourl": "https://t.co/weet0K3AbY"}], "pinnedIds": "[1509533455721271298]", "_type": "snscrape.modules.twitter_api_client.User"}