{"id": "1267887043", "id_str": "1267887043", "url": "https://x.com/RusEmbUSA", "username": "RusEmbUSA", "displayname": "Russian Embassy in USA \ud83c\uddf7\ud83c\uddfa", "rawDescription": "Official Twitter feed of the Russian Embassy in the USA @RusEmbUSA\ud83c\uddf7\ud83c\uddfa https://t.co/JM9YWwCdwg Subscribe to Weekly Newsletter: https://t.co/s6JRCgBuT0", "created": "2013-03-14 20:05:50+00:00", "followersCount": "136925", "friendsCount": "1554", "statusesCount": "43604", "favouritesCount": "13004", "listedCount": "1560", "mediaCount": "9504", "location": "Washington, DC", "profileImageUrl": "https://pbs.twimg.com/profile_images/1655609683883749376/gzHM7o-z_normal.jpg", "profileBannerUrl": "https://pbs.twimg.com/profile_banners/1267887043/1730243568", "protected": "None", "verified": "False", "blue": "True", "blueType": "Government", "descriptionLinks": [{"url": "http://facebook.com/RusEmbUSA", "text": "facebook.com/RusEmbUSA", "tcourl": "https://t.co/JM9YWwCdwg"}, {"url": "https://t.me/EmbUSA", "text": "t.me/EmbUSA", "tcourl": "https://t.co/s6JRCgBuT0"}, {"url": "https://washington.mid.ru/en/", "text": "washington.mid.ru/en/", "tcourl": "https://t.co/tHQoKrwI55"}], "pinnedIds": "[]", "_type": "snscrape.modules.twitter_api_client.User"}