{"id": "467576758", "id_str": "467576758", "url": "https://x.com/RussDiabo", "username": "RussDiabo", "displayname": "Russ Diabo", "rawDescription": "Kahnawake Mohawk, First Nations Policy Analyst. Editor & Publisher of the First Nations Strategic Bulletin. 2018 AFN National Chief Candidate.", "created": "2012-01-18 16:29:48+00:00", "followersCount": "33892", "friendsCount": "1447", "statusesCount": "140867", "favouritesCount": "29399", "listedCount": "370", "mediaCount": "11285", "location": "", "profileImageUrl": "https://pbs.twimg.com/profile_images/1632454481316069378/kqxUBaRu_normal.jpg", "profileBannerUrl": "https://pbs.twimg.com/profile_banners/467576758/1673934390", "protected": "None", "verified": "False", "blue": "False", "blueType": "None", "descriptionLinks": [{"url": "http://www.russdiabo.com", "text": "russdiabo.com", "tcourl": "https://t.co/NLV6us2pFJ"}], "pinnedIds": "[]", "_type": "snscrape.modules.twitter_api_client.User"}