{"id": "83884216", "id_str": "83884216", "url": "https://x.com/saraeftekhar", "username": "saraeftekhar", "displayname": "Sara", "rawDescription": "@BCNDP candidate for West Vancouver-Capilano, nurse practitioner, advocate, mom", "created": "2009-10-20 17:09:38+00:00", "followersCount": "606", "friendsCount": "1591", "statusesCount": "524", "favouritesCount": "442", "listedCount": "7", "mediaCount": "134", "location": "Vancouver, British Columbia", "profileImageUrl": "https://pbs.twimg.com/profile_images/1810411128499154944/EsllVM-s_normal.jpg", "profileBannerUrl": "https://pbs.twimg.com/profile_banners/83884216/1720470667", "protected": "None", "verified": "False", "blue": "False", "blueType": "None", "descriptionLinks": [{"url": "http://linktr.ee/saraeftekhar", "text": "linktr.ee/saraeftekhar", "tcourl": "https://t.co/BNRltmJHQ1"}], "pinnedIds": "[1810432906395107557]", "_type": "snscrape.modules.twitter_api_client.User"}