{"id": "865585619233263616", "id_str": "865585619233263616", "url": "https://x.com/SaskLass", "username": "SaskLass", "displayname": "SaskLass", "rawDescription": "\ud83d\udc1e I AM WHISKY IN A TEA CUP . Climate change survivor. \u201cLiving is easy with eyes closed\u201d The Beatles. TrudeauMustGo. \ud83c\udf4e", "created": "2017-05-19 15:11:08+00:00", "followersCount": "36483", "friendsCount": "17322", "statusesCount": "222892", "favouritesCount": "472281", "listedCount": "8", "mediaCount": "18773", "location": "Saskatchewan, Canada", "profileImageUrl": "https://pbs.twimg.com/profile_images/1876742223741513728/tuPZqd-Q_normal.jpg", "profileBannerUrl": "https://pbs.twimg.com/profile_banners/865585619233263616/1617631986", "protected": "None", "verified": "False", "blue": "True", "blueType": "None", "descriptionLinks": [], "pinnedIds": "[1759780582660190335]", "_type": "snscrape.modules.twitter_api_client.User"}