{"id": "1311907570416640015", "id_str": "1311907570416640015", "url": "https://x.com/saveourcityvan", "username": "saveourcityvan", "displayname": "@SaveOurCityVan", "rawDescription": "Citizen group exigent for city safety. essential core services, fiscal responsibility, infrastructure , municipal governance and law & order.\ud83c\udde8\ud83c\udde6", "created": "2020-10-02 05:55:28+00:00", "followersCount": "2240", "friendsCount": "1538", "statusesCount": "5834", "favouritesCount": "14496", "listedCount": "18", "mediaCount": "449", "location": "Vancouver, British Columbia", "profileImageUrl": "https://pbs.twimg.com/profile_images/1336128154985877504/hDIh4DFA_normal.jpg", "profileBannerUrl": "https://pbs.twimg.com/profile_banners/1311907570416640015/1607395191", "protected": "None", "verified": "False", "blue": "False", "blueType": "None", "descriptionLinks": [], "pinnedIds": "[1884146824698535967]", "_type": "snscrape.modules.twitter_api_client.User"}