{"id": "3377582547", "id_str": "3377582547", "url": "https://x.com/SCC_eng", "username": "SCC_eng", "displayname": "Supreme Court of Canada", "rawDescription": "Official Twitter account of the Supreme Court of Canada.  Terms of use: https://t.co/NKR3XAymrK.  Suivez-nous en fran\u00e7ais : @CSC_fra", "created": "2015-07-15 18:00:19+00:00", "followersCount": "45941", "friendsCount": "31", "statusesCount": "3563", "favouritesCount": "0", "listedCount": "246", "mediaCount": "2035", "location": "Ottawa, Ontario", "profileImageUrl": "https://pbs.twimg.com/profile_images/1876630703930048512/DthK0gfx_normal.jpg", "profileBannerUrl": "https://pbs.twimg.com/profile_banners/3377582547/1717091848", "protected": "None", "verified": "False", "blue": "False", "blueType": "Government", "descriptionLinks": [{"url": "http://goo.gl/Ub4CDi", "text": "goo.gl/Ub4CDi", "tcourl": "https://t.co/NKR3XAymrK"}, {"url": "http://www.scc-csc.ca", "text": "scc-csc.ca", "tcourl": "https://t.co/EHmkERwIoA"}], "pinnedIds": "[]", "_type": "snscrape.modules.twitter_api_client.User"}