{"id": "588392113", "id_str": "588392113", "url": "https://x.com/School_GC", "username": "School_GC", "displayname": "Canada School of Public Service", "rawDescription": "Terms: https://t.co/3bTT15VwIP. FR: @Ecole_GC.", "created": "2012-05-23 16:01:39+00:00", "followersCount": "13811", "friendsCount": "365", "statusesCount": "8718", "favouritesCount": "3363", "listedCount": "181", "mediaCount": "2788", "location": "Canada", "profileImageUrl": "https://pbs.twimg.com/profile_images/1140682562421035008/HSpf-fvR_normal.jpg", "profileBannerUrl": "https://pbs.twimg.com/profile_banners/588392113/1623859159", "protected": "None", "verified": "False", "blue": "False", "blueType": "Government", "descriptionLinks": [{"url": "http://ow.ly/h5Oh30oJVSL", "text": "ow.ly/h5Oh30oJVSL", "tcourl": "https://t.co/3bTT15VwIP"}, {"url": "https://www.csps-efpc.gc.ca/stayconnected/eupdatessubscribe-eng.aspx", "text": "csps-efpc.gc.ca/stayconnected/\u2026", "tcourl": "https://t.co/Hguhsobrpv"}], "pinnedIds": "[]", "_type": "snscrape.modules.twitter_api_client.User"}