{"id": "1586739095476535296", "id_str": "1586739095476535296", "url": "https://x.com/scottjcyr", "username": "scottjcyr", "displayname": "Scott Cyr", "rawDescription": "Bonnyville-Cold Lake-St. Paul MLA | Advocate for Alberta's prosperity, sovereignty & strong communities | Proudly representing @Alberta_UCP | Voice for rural", "created": "2022-10-30 15:19:44+00:00", "followersCount": "503", "friendsCount": "452", "statusesCount": "659", "favouritesCount": "633", "listedCount": "5", "mediaCount": "78", "location": "Cold Lake, Alberta", "profileImageUrl": "https://pbs.twimg.com/profile_images/1586740607867052032/yVF0dmr6_normal.jpg", "profileBannerUrl": "https://pbs.twimg.com/profile_banners/1586739095476535296/1709761871", "protected": "None", "verified": "False", "blue": "True", "blueType": "None", "descriptionLinks": [], "pinnedIds": "[1879731936211743209]", "_type": "snscrape.modules.twitter.User"}