{"id": "1755030143305965568", "id_str": "1755030143305965568", "url": "https://x.com/SeanFlynnBC", "username": "SeanFlynnBC", "displayname": "Sean Flynn", "rawDescription": "Retired veteran, small business owner. Someone who believes we should always leave where we are a little better than we found it.", "created": "2024-02-07 00:46:18+00:00", "followersCount": "660", "friendsCount": "281", "statusesCount": "1194", "favouritesCount": "4024", "listedCount": "3", "mediaCount": "48", "location": "Langford, British Columbia", "profileImageUrl": "https://pbs.twimg.com/profile_images/1797733246371016710/hcWGnA6x_normal.jpg", "profileBannerUrl": "https://pbs.twimg.com/profile_banners/1755030143305965568/1731384536", "protected": "None", "verified": "False", "blue": "False", "blueType": "None", "descriptionLinks": [], "pinnedIds": "[]", "_type": "snscrape.modules.twitter_api_client.User"}