{"id": "395570222", "id_str": "395570222", "url": "https://x.com/SeanCarleton", "username": "SeanCarleton", "displayname": "Sean Carleton", "rawDescription": "Settler historian/Indigenous Studies. Books: When The Pine Needles Fall; Lessons in Legitimacy; Dissenting Traditions; Direct Action Gets the Goods.", "created": "2011-10-21 21:42:39+00:00", "followersCount": "19368", "friendsCount": "2839", "statusesCount": "29829", "favouritesCount": "14450", "listedCount": "140", "mediaCount": "2054", "location": "Winnipeg, Treaty 1", "profileImageUrl": "https://pbs.twimg.com/profile_images/1468339617342517249/KobfS4di_normal.jpg", "profileBannerUrl": "https://pbs.twimg.com/profile_banners/395570222/1731472809", "protected": "None", "verified": "False", "blue": "False", "blueType": "None", "descriptionLinks": [{"url": "https://www.seancarleton.com/", "text": "seancarleton.com", "tcourl": "https://t.co/cvve28MSkp"}], "pinnedIds": "[1658204787161305088]", "_type": "snscrape.modules.twitter_api_client.User"}