{"id": "166025490", "id_str": "166025490", "url": "https://x.com/SearleTurton", "username": "SearleTurton", "displayname": "Searle Turton", "rawDescription": "Husband to an amazing woman and proud dad of two incredible boys. MLA for Spruce Grove-Stony Plain and Minister of Children and Family Services.", "created": "2010-07-13 03:56:28+00:00", "followersCount": "2794", "friendsCount": "963", "statusesCount": "4763", "favouritesCount": "2202", "listedCount": "47", "mediaCount": "851", "location": "", "profileImageUrl": "https://pbs.twimg.com/profile_images/1112383334678593536/VTZ07Jp__normal.jpg", "profileBannerUrl": "https://pbs.twimg.com/profile_banners/166025490/1692307060", "protected": "None", "verified": "False", "blue": "True", "blueType": "None", "descriptionLinks": [{"url": "https://linktr.ee/searleturton", "text": "linktr.ee/searleturton", "tcourl": "https://t.co/i7oTWaFxbP"}], "pinnedIds": "[]", "_type": "snscrape.modules.twitter.User"}