{"id": "41353531", "id_str": "41353531", "url": "https://x.com/ServiceCanada_E", "username": "ServiceCanada_E", "displayname": "Service Canada", "rawDescription": "We answer general questions on EI, CPP, OAS, SIN, + from 8\u202fam to 4\u202fpm\u202fET, Monday to Friday. Terms: https://t.co/Xdnakxsgrc En fran\u00e7ais : @ServiceCanada_F", "created": "2009-05-20 13:03:33+00:00", "followersCount": "185859", "friendsCount": "390", "statusesCount": "22180", "favouritesCount": "558", "listedCount": "731", "mediaCount": "3614", "location": "Canada", "profileImageUrl": "https://pbs.twimg.com/profile_images/1877434968009224192/TucxVESg_normal.jpg", "profileBannerUrl": "https://pbs.twimg.com/profile_banners/41353531/1737130030", "protected": "None", "verified": "False", "blue": "False", "blueType": "Government", "descriptionLinks": [{"url": "http://ow.ly/WNKZ3090pg3", "text": "ow.ly/WNKZ3090pg3", "tcourl": "https://t.co/Xdnakxsgrc"}, {"url": "https://www.canada.ca/en/employment-social-development/corporate/portfolio/service-canada.html", "text": "canada.ca/en/employment-\u2026", "tcourl": "https://t.co/lf0HZN3irD"}], "pinnedIds": "[]", "_type": "snscrape.modules.twitter_api_client.User"}