{"id": "1348394279048196105", "id_str": "1348394279048196105", "url": "https://x.com/ShaunRickard67", "username": "ShaunRickard67", "displayname": "Shaun Rickard", "rawDescription": "We have a landmark federal lawsuit underway challenging the constitutionality and legality of Trudeau's tyrannical vaccine travel mandates - Info link in BIO", "created": "2021-01-10 22:20:36+00:00", "followersCount": "36306", "friendsCount": "5197", "statusesCount": "17828", "favouritesCount": "99982", "listedCount": "121", "mediaCount": "1998", "location": "Canada", "profileImageUrl": "https://pbs.twimg.com/profile_images/1773464472784347136/MY1xhPau_normal.jpg", "profileBannerUrl": "https://pbs.twimg.com/profile_banners/1348394279048196105/1676473620", "protected": "None", "verified": "False", "blue": "True", "blueType": "None", "descriptionLinks": [{"url": "https://www.freedomandjustice.ca/travel-mandates-case/", "text": "freedomandjustice.ca/travel-mandate\u2026", "tcourl": "https://t.co/Y71D6dEtF6"}], "pinnedIds": "[1877452209648222673]", "_type": "snscrape.modules.twitter_api_client.User"}