{"id": "1462835058369310721", "id_str": "1462835058369310721", "url": "https://x.com/ShellyLupton4", "username": "ShellyLupton4", "displayname": "\ud83c\udde8\ud83c\udde6shelley\ud83c\udde8\ud83c\udde6", "rawDescription": "No to WEF, member of the small fringe minority \ud83d\udc4d\ud83c\udde8\ud83c\udde6 Love my country and will join those who fight for the freedom. \ud83d\udeabDM'S or blocked\ud83c\udde8\ud83c\udde6\ud83c\udde8\ud83c\udde6\ud83c\udde8\ud83c\udde6\ud83c\udde8\ud83c\udde6\ud83c\udde8\ud83c\udde6\ud83c\udde8\ud83c\udde6", "created": "2021-11-22 17:27:48+00:00", "followersCount": "10635", "friendsCount": "8669", "statusesCount": "17919", "favouritesCount": "64661", "listedCount": "10", "mediaCount": "3964", "location": "Muskoka Ontario", "profileImageUrl": "https://pbs.twimg.com/profile_images/1874860372387102720/-4kd8Cv5_normal.jpg", "profileBannerUrl": "https://pbs.twimg.com/profile_banners/1462835058369310721/1737597349", "protected": "None", "verified": "False", "blue": "False", "blueType": "None", "descriptionLinks": [], "pinnedIds": "[]", "_type": "snscrape.modules.twitter_api_client.User"}