{"id": "151669116", "id_str": "151669116", "url": "https://x.com/shoffmanAB", "username": "shoffmanAB", "displayname": "Sarah Hoffman", "rawDescription": "Sarah Hoffman is the NDP MLA for Edmonton-Glenora.", "created": "2010-06-03 23:50:36+00:00", "followersCount": "27397", "friendsCount": "3767", "statusesCount": "13684", "favouritesCount": "10172", "listedCount": "306", "mediaCount": "2537", "location": "Edmonton", "profileImageUrl": "https://pbs.twimg.com/profile_images/1861188991388696576/prbuAH0Q_normal.jpg", "profileBannerUrl": "https://pbs.twimg.com/profile_banners/151669116/1732563086", "protected": "None", "verified": "False", "blue": "False", "blueType": "None", "descriptionLinks": [{"url": "http://www.sarahhoffman.ca", "text": "sarahhoffman.ca", "tcourl": "https://t.co/uQhM6fBn6n"}], "pinnedIds": "[]", "_type": "snscrape.modules.twitter.User"}