{"id": "1862589097", "id_str": "1862589097", "url": "https://x.com/sobittersosweet", "username": "sobittersosweet", "displayname": "Shannon Waters", "rawDescription": "Stubbornly sesquipedalian, just not at work. BC politics and environment reporter @thenarwhalca\n\nOpinions mine, all mine\n\ud83d\udfe6@sobittersosweet.bsky.social", "created": "2013-09-14 03:44:32+00:00", "followersCount": "5299", "friendsCount": "3387", "statusesCount": "23469", "favouritesCount": "28940", "listedCount": "112", "mediaCount": "3128", "location": "Victoria, British Columbia", "profileImageUrl": "https://pbs.twimg.com/profile_images/1783028134843154432/d2fFx7Wf_normal.jpg", "profileBannerUrl": "https://pbs.twimg.com/profile_banners/1862589097/1730958051", "protected": "None", "verified": "False", "blue": "False", "blueType": "None", "descriptionLinks": [{"url": "https://thenarwhal.ca/author/shannon-waters/", "text": "thenarwhal.ca/author/shannon\u2026", "tcourl": "https://t.co/KWQRFOxpm1"}], "pinnedIds": "[]", "_type": "snscrape.modules.twitter_api_client.User"}