{"id": "16926550", "id_str": "16926550", "url": "https://x.com/StatCan_eng", "username": "StatCan_eng", "displayname": "Statistics Canada", "rawDescription": "Canada's National Statistical Agency. \nTerms of use: https://t.co/OqJBO3JRyg; FRA: @StatCan_fra", "created": "2008-10-23 13:42:16+00:00", "followersCount": "225678", "friendsCount": "161", "statusesCount": "29857", "favouritesCount": "2894", "listedCount": "2370", "mediaCount": "14934", "location": "Canada", "profileImageUrl": "https://pbs.twimg.com/profile_images/1305579087998656512/8xOQRoRo_normal.jpg", "profileBannerUrl": "https://pbs.twimg.com/profile_banners/16926550/1706121947", "protected": "None", "verified": "False", "blue": "False", "blueType": "Government", "descriptionLinks": [{"url": "https://ow.ly/5EBb50Qu9cz", "text": "ow.ly/5EBb50Qu9cz", "tcourl": "https://t.co/OqJBO3JRyg"}, {"url": "http://www.statcan.gc.ca", "text": "statcan.gc.ca", "tcourl": "https://t.co/MIq3I1sDqf"}], "pinnedIds": "[]", "_type": "snscrape.modules.twitter_api_client.User"}