{"id": "1912918034", "id_str": "1912918034", "url": "https://x.com/StefBlaisFDDLP", "username": "StefBlaisFDDLP", "displayname": "St\u00e9phane Blais", "rawDescription": "Pr\u00e9sident de la Fondation pour la d\u00e9fense des droits et libert\u00e9s du peuple (https://t.co/trm1ihImFX) - Libert\u00e9 - Justice -Int\u00e9grit\u00e9 - Transparence totale de l\u2019\u00c9tat", "created": "2013-09-28 02:50:56+00:00", "followersCount": "22413", "friendsCount": "34", "statusesCount": "8413", "favouritesCount": "2099", "listedCount": "72", "mediaCount": "272", "location": "L\u00e9vis, Qu\u00e9bec", "profileImageUrl": "https://pbs.twimg.com/profile_images/986888319765237760/KrK1cyxU_normal.jpg", "profileBannerUrl": "https://pbs.twimg.com/profile_banners/1912918034/1396056482", "protected": "None", "verified": "False", "blue": "True", "blueType": "None", "descriptionLinks": [{"url": "http://www.fddlp.org", "text": "fddlp.org", "tcourl": "https://t.co/trm1ihImFX"}, {"url": "http://www.fddlp.org", "text": "fddlp.org", "tcourl": "https://t.co/trm1ihImFX"}], "pinnedIds": "[1852150980617375991]", "_type": "snscrape.modules.twitter_api_client.User"}