{"id": "1587132351540346888", "id_str": "1587132351540346888", "url": "https://x.com/Stone_Midland", "username": "Stone_Midland", "displayname": "Lauren Stone", "rawDescription": "MLA for Midland", "created": "2022-10-31 17:20:53+00:00", "followersCount": "232", "friendsCount": "255", "statusesCount": "26", "favouritesCount": "11", "listedCount": "4", "mediaCount": "4", "location": "Manitoba, Canada", "profileImageUrl": "https://pbs.twimg.com/profile_images/1587134012253945856/z6zIsY1b_normal.jpg", "profileBannerUrl": "https://pbs.twimg.com/profile_banners/1587132351540346888/1667237580", "protected": "None", "verified": "False", "blue": "False", "blueType": "None", "descriptionLinks": [], "pinnedIds": "[]", "_type": "snscrape.modules.twitter_api_client.User"}