{"id": "19843235", "id_str": "19843235", "url": "https://x.com/tamarataggart", "username": "tamarataggart", "displayname": "Tamara Taggart", "rawDescription": "keynote. emcee. volunteer president @downsyndromebc 30yrs in radio + television podcast host #TelusTalksWithTamaraTaggart", "created": "2009-02-01 02:25:19+00:00", "followersCount": "43609", "friendsCount": "1518", "statusesCount": "5935", "favouritesCount": "6411", "listedCount": "550", "mediaCount": "833", "location": "Vancouver, British Columbia", "profileImageUrl": "https://pbs.twimg.com/profile_images/1881390630779367424/FnETBQVQ_normal.jpg", "profileBannerUrl": "https://pbs.twimg.com/profile_banners/19843235/1592365110", "protected": "None", "verified": "False", "blue": "False", "blueType": "None", "descriptionLinks": [{"url": "https://www.telus.com/en/about/telus-talks-with-tamara-taggart", "text": "telus.com/en/about/telus\u2026", "tcourl": "https://t.co/P6GC3Ny4tC"}], "pinnedIds": "[1459248554560479233]", "_type": "snscrape.modules.twitter_api_client.User"}