{"id": "429080410", "id_str": "429080410", "url": "https://x.com/TBS_Canada", "username": "TBS_Canada", "displayname": "TBS Canada", "rawDescription": "Effective people, policies and management of the Public Purse - Suivez-nous en fran\u00e7ais: @SCT_Canada\nTerms: https://t.co/YyvjMt8Z2G", "created": "2011-12-05 14:53:02+00:00", "followersCount": "35151", "friendsCount": "147", "statusesCount": "12082", "favouritesCount": "322", "listedCount": "376", "mediaCount": "4207", "location": "Canada", "profileImageUrl": "https://pbs.twimg.com/profile_images/1305515099218751489/AcSX2X9I_normal.jpg", "profileBannerUrl": "https://pbs.twimg.com/profile_banners/429080410/1694027542", "protected": "None", "verified": "False", "blue": "False", "blueType": "Government", "descriptionLinks": [{"url": "http://bit.ly/2hAmmX1", "text": "bit.ly/2hAmmX1", "tcourl": "https://t.co/YyvjMt8Z2G"}, {"url": "http://www.tbs-sct.gc.ca", "text": "tbs-sct.gc.ca", "tcourl": "https://t.co/t66rUjX6ej"}], "pinnedIds": "[]", "_type": "snscrape.modules.twitter_api_client.User"}