{"id": "771582213896802304", "id_str": "771582213896802304", "url": "https://x.com/theBreakerNews", "username": "theBreakerNews", "displayname": "Read theBreaker.news Listen to #thePodcast", "rawDescription": "Read https://t.co/NDahjRgGrf Listen to #thePodcast. News and views on British Columbia and beyond, from @BobMackin. Tips? https://t.co/VmhxM80jer", "created": "2016-09-02 05:35:09+00:00", "followersCount": "6201", "friendsCount": "623", "statusesCount": "39089", "favouritesCount": "186", "listedCount": "104", "mediaCount": "12474", "location": "Vancouver, British Columbia", "profileImageUrl": "https://pbs.twimg.com/profile_images/1772408794133250048/_SWfWmbx_normal.jpg", "profileBannerUrl": "https://pbs.twimg.com/profile_banners/771582213896802304/1482979940", "protected": "None", "verified": "False", "blue": "False", "blueType": "None", "descriptionLinks": [{"url": "http://theBreaker.news", "text": "theBreaker.news", "tcourl": "https://t.co/NDahjRgGrf"}, {"url": "http://thebreaker.news/contact/", "text": "thebreaker.news/contact/", "tcourl": "https://t.co/VmhxM80jer"}, {"url": "http://www.theBreaker.news", "text": "theBreaker.news", "tcourl": "https://t.co/ownPtbaomq"}], "pinnedIds": "[1883552985260965956]", "_type": "snscrape.modules.twitter_api_client.User"}