{"id": "841438237818261504", "id_str": "841438237818261504", "url": "https://x.com/thecvaofficial", "username": "thecvaofficial", "displayname": "THE CVA Official", "rawDescription": "Canada's leader in Vape Advocacy! We are a proud NFP powered by Canadian vapor product companies!", "created": "2017-03-13 23:58:03+00:00", "followersCount": "688", "friendsCount": "257", "statusesCount": "1295", "favouritesCount": "886", "listedCount": "4", "mediaCount": "228", "location": "", "profileImageUrl": "https://pbs.twimg.com/profile_images/841439473338593280/fuhrXNtN_normal.jpg", "profileBannerUrl": "https://pbs.twimg.com/profile_banners/841438237818261504/1489449806", "protected": "None", "verified": "False", "blue": "False", "blueType": "None", "descriptionLinks": [{"url": "http://thecva.org", "text": "thecva.org", "tcourl": "https://t.co/dzByNLGWLB"}], "pinnedIds": "[]", "_type": "snscrape.modules.twitter_api_client.User"}