{"id": "3010277400", "id_str": "3010277400", "url": "https://x.com/theleftchapter", "username": "theleftchapter", "displayname": "The Left Chapter", "rawDescription": "The Left Chapter is a leftist website dedicated to sharing news, events, opinion, socialist history and food writing from a leftist perspective.", "created": "2015-02-05 15:13:40+00:00", "followersCount": "1456", "friendsCount": "1510", "statusesCount": "24113", "favouritesCount": "3334", "listedCount": "35", "mediaCount": "6495", "location": "", "profileImageUrl": "https://pbs.twimg.com/profile_images/1266065587979071488/p0EufXEc_normal.jpg", "profileBannerUrl": "https://pbs.twimg.com/profile_banners/3010277400/1423149486", "protected": "None", "verified": "False", "blue": "False", "blueType": "None", "descriptionLinks": [{"url": "https://www.theleftchapter.com/", "text": "theleftchapter.com", "tcourl": "https://t.co/DBjHJlXQeq"}], "pinnedIds": "[]", "_type": "snscrape.modules.twitter_api_client.User"}