{"id": "1349431786720280581", "id_str": "1349431786720280581", "url": "https://x.com/TonyTaint", "username": "TonyTaint", "displayname": "Tony Blinken's Stinkin' Thinkin' \u262d", "rawDescription": "Socialist (ML). Anti-capitalist. Anti-imperialist. Workaday thinking person.", "created": "2021-01-13 19:03:11+00:00", "followersCount": "2032", "friendsCount": "3187", "statusesCount": "94333", "favouritesCount": "258822", "listedCount": "6", "mediaCount": "1056", "location": "Stolen Yokut Land", "profileImageUrl": "https://pbs.twimg.com/profile_images/1595457652674338816/TwvBbXlX_normal.jpg", "profileBannerUrl": "https://pbs.twimg.com/profile_banners/1349431786720280581/1611802295", "protected": "None", "verified": "False", "blue": "False", "blueType": "None", "descriptionLinks": [], "pinnedIds": "[]", "_type": "snscrape.modules.twitter_api_client.User"}