{"id": "1124134847482597376", "id_str": "1124134847482597376", "url": "https://x.com/TrevorK14391479", "username": "TrevorK14391479", "displayname": "Trevor King", "rawDescription": "MLA Elect for Lakeside", "created": "2019-05-03 02:13:27+00:00", "followersCount": "33", "friendsCount": "74", "statusesCount": "133", "favouritesCount": "529", "listedCount": "0", "mediaCount": "3", "location": "", "profileImageUrl": "https://pbs.twimg.com/profile_images/1716615621386059776/Nf7oRKNF_normal.jpg", "profileBannerUrl": "None", "protected": "None", "verified": "False", "blue": "False", "blueType": "None", "descriptionLinks": [], "pinnedIds": "[]", "_type": "snscrape.modules.twitter_api_client.User"}