{"id": "266772084", "id_str": "266772084", "url": "https://x.com/TrevHal", "username": "TrevHal", "displayname": "Trevor Halford", "rawDescription": "Dad, Member of the Legislative Assembly for Surrey White Rock, Cubs fan.", "created": "2011-03-15 19:53:05+00:00", "followersCount": "2116", "friendsCount": "1049", "statusesCount": "8843", "favouritesCount": "14712", "listedCount": "39", "mediaCount": "380", "location": "Surrey, British Columbia", "profileImageUrl": "https://pbs.twimg.com/profile_images/1654174294681825280/clFeZx_n_normal.jpg", "profileBannerUrl": "https://pbs.twimg.com/profile_banners/266772084/1725505792", "protected": "None", "verified": "False", "blue": "False", "blueType": "None", "descriptionLinks": [{"url": "https://www.conservativebc.ca/donate_ra_swr", "text": "conservativebc.ca/donate_ra_swr", "tcourl": "https://t.co/4jsQPbF37B"}], "pinnedIds": "[]", "_type": "snscrape.modules.twitter_api_client.User"}