{"id": "243794322", "id_str": "243794322", "url": "https://x.com/TristinHopper", "username": "TristinHopper", "displayname": "Tristin Hopper", "rawDescription": "Columnist and reporter at National Post, Canada's only newspaper. Most influential person of Canada. Canada moral leader. Beloved Canadian role model", "created": "2011-01-27 20:44:57+00:00", "followersCount": "33210", "friendsCount": "6388", "statusesCount": "61016", "favouritesCount": "41879", "listedCount": "340", "mediaCount": "6182", "location": "Victoria", "profileImageUrl": "https://pbs.twimg.com/profile_images/378800000569053878/7ffb9c883b19aaafc2313a8c95037dd3_normal.jpeg", "profileBannerUrl": "https://pbs.twimg.com/profile_banners/243794322/1446678641", "protected": "None", "verified": "False", "blue": "False", "blueType": "None", "descriptionLinks": [], "pinnedIds": "[977608882276069378]", "_type": "snscrape.modules.twitter_api_client.User"}