{"id": "87979852", "id_str": "87979852", "url": "https://x.com/ty_olsen", "username": "ty_olsen", "displayname": "Tyler Olsen", "rawDescription": "Old millennial. Independent public accountability officer/hack/editor/reporter/delivery boy @currentfv. Subscribe: https://t.co/wPfs5L5uI7", "created": "2009-11-06 16:47:07+00:00", "followersCount": "8046", "friendsCount": "2698", "statusesCount": "55836", "favouritesCount": "1061", "listedCount": "136", "mediaCount": "5036", "location": "Fraser Valley/Canyon", "profileImageUrl": "https://pbs.twimg.com/profile_images/1382839072490618883/N-sjc1HB_normal.jpg", "profileBannerUrl": "https://pbs.twimg.com/profile_banners/87979852/1586481071", "protected": "None", "verified": "False", "blue": "False", "blueType": "None", "descriptionLinks": [{"url": "http://fvcurrent.com", "text": "fvcurrent.com", "tcourl": "https://t.co/wPfs5L5uI7"}, {"url": "http://www.fvcurrent.com", "text": "fvcurrent.com", "tcourl": "https://t.co/g5oUXDjze2"}], "pinnedIds": "[1820904236080885999]", "_type": "snscrape.modules.twitter_api_client.User"}