{"id": "14133286", "id_str": "14133286", "url": "https://x.com/umanitoba", "username": "umanitoba", "displayname": "University of Manitoba", "rawDescription": "We attract people from around the world who share our ideals and vision for positive change. We are where imagination and action collide. #umanitoba", "created": "2008-03-12 16:33:16+00:00", "followersCount": "42861", "friendsCount": "2763", "statusesCount": "69288", "favouritesCount": "13595", "listedCount": "473", "mediaCount": "7804", "location": "Winnipeg, Manitoba, Canada", "profileImageUrl": "https://pbs.twimg.com/profile_images/1576717827259924481/4-jWQZOF_normal.jpg", "profileBannerUrl": "https://pbs.twimg.com/profile_banners/14133286/1655221740", "protected": "None", "verified": "False", "blue": "True", "blueType": "None", "descriptionLinks": [{"url": "http://umanitoba.ca/", "text": "umanitoba.ca", "tcourl": "https://t.co/dUGYlWLmvj"}], "pinnedIds": "[]", "_type": "snscrape.modules.twitter_api_client.User"}