{"id": "3831463213", "id_str": "3831463213", "url": "https://x.com/UrbanInuk", "username": "UrbanInuk", "displayname": "Iviviq \u1403\u1555\u1555\u1585 \u2744\ufe0f", "rawDescription": "She/her Inuvialuk. MRU Class of \u201820. #LandBack over everything \ud83e\udde1 Grad Student at the U of A https://t.co/2LDIaxFr0g", "created": "2015-10-09 01:51:13+00:00", "followersCount": "9604", "friendsCount": "1164", "statusesCount": "10797", "favouritesCount": "20629", "listedCount": "41", "mediaCount": "1400", "location": "Edmonton AB", "profileImageUrl": "https://pbs.twimg.com/profile_images/1834066784972144642/FHixZrXW_normal.jpg", "profileBannerUrl": "https://pbs.twimg.com/profile_banners/3831463213/1709580756", "protected": "None", "verified": "False", "blue": "False", "blueType": "None", "descriptionLinks": [{"url": "http://PayPal.me/Brye247", "text": "PayPal.me/Brye247", "tcourl": "https://t.co/2LDIaxFr0g"}, {"url": "https://www.amazon.ca/hz/wishlist/ls/1NW70VFYD8TBB?ref_=wl_share", "text": "amazon.ca/hz/wishlist/ls\u2026", "tcourl": "https://t.co/V4SfMsw202"}], "pinnedIds": "[1857583212350026070]", "_type": "snscrape.modules.twitter_api_client.User"}