{"id": "256735205", "id_str": "256735205", "url": "https://x.com/uvic", "username": "uvic", "displayname": "UniversityOfVictoria", "rawDescription": "A top-ranked university on Canada\u2019s West Coast, we're driven by our curiosity, engagement and innovative spirit to help solve the world's biggest problems.#UVic", "created": "2011-02-23 23:58:49+00:00", "followersCount": "26765", "friendsCount": "1410", "statusesCount": "16289", "favouritesCount": "11564", "listedCount": "371", "mediaCount": "4520", "location": "Victoria, British Columbia", "profileImageUrl": "https://pbs.twimg.com/profile_images/1859643026081005569/UW4_lsMh_normal.png", "profileBannerUrl": "https://pbs.twimg.com/profile_banners/256735205/1732208424", "protected": "None", "verified": "False", "blue": "False", "blueType": "None", "descriptionLinks": [{"url": "https://www.uvic.ca", "text": "uvic.ca", "tcourl": "https://t.co/gI57qIzhbl"}], "pinnedIds": "[1687525125699284992]", "_type": "snscrape.modules.twitter_api_client.User"}