{"id": "25161285", "id_str": "25161285", "url": "https://x.com/vancouverpride", "username": "vancouverpride", "displayname": "Vancouver Pride", "rawDescription": "CANADA PRIDE: INFINITE HORIZONS\nJULY 26 - AUGUST 4 | \ud83d\udccdVancouver, BC", "created": "2009-03-18 21:38:32+00:00", "followersCount": "10592", "friendsCount": "566", "statusesCount": "5712", "favouritesCount": "1940", "listedCount": "220", "mediaCount": "1526", "location": "Vancouver, BC", "profileImageUrl": "https://pbs.twimg.com/profile_images/1785835962741981184/qV8J6JZp_normal.jpg", "profileBannerUrl": "https://pbs.twimg.com/profile_banners/25161285/1715810518", "protected": "None", "verified": "False", "blue": "False", "blueType": "None", "descriptionLinks": [{"url": "http://www.vancouverpride.ca", "text": "vancouverpride.ca", "tcourl": "https://t.co/fRtB8ALb70"}], "pinnedIds": "[1799210622959448166]", "_type": "snscrape.modules.twitter_api_client.User"}