{"id": "1735195990079279104", "id_str": "1735195990079279104", "url": "https://x.com/VoteAdams2024", "username": "VoteAdams2024", "displayname": "Keenan Adams", "rawDescription": "Port Coquitlam-based Train Engineer \ud83d\ude82 | Advocate for Politics, Small Business, and the Environment \ud83c\udf31 | Community Volunteer \ud83d\udcaa", "created": "2023-12-14 07:12:28+00:00", "followersCount": "202", "friendsCount": "121", "statusesCount": "93", "favouritesCount": "331", "listedCount": "4", "mediaCount": "38", "location": "Port Coquitlam BC", "profileImageUrl": "https://pbs.twimg.com/profile_images/1839581155680563200/-78U1qLQ_normal.jpg", "profileBannerUrl": "https://pbs.twimg.com/profile_banners/1735195990079279104/1727425833", "protected": "None", "verified": "False", "blue": "False", "blueType": "None", "descriptionLinks": [], "pinnedIds": "[]", "_type": "snscrape.modules.twitter_api_client.User"}