{"id": "82010077", "id_str": "82010077", "url": "https://x.com/WestCoast_LEAF", "username": "WestCoast_LEAF", "displayname": "West Coast LEAF", "rawDescription": "We use legal strategies to work for gender justice & human rights. Social media moderation policy: https://t.co/bWkHNFOQ23", "created": "2009-10-13 04:23:05+00:00", "followersCount": "4922", "friendsCount": "1129", "statusesCount": "7766", "favouritesCount": "2034", "listedCount": "122", "mediaCount": "948", "location": "Vancouver, BC", "profileImageUrl": "https://pbs.twimg.com/profile_images/1584643451114909696/4EL_cqa0_normal.jpg", "profileBannerUrl": "https://pbs.twimg.com/profile_banners/82010077/1719949212", "protected": "None", "verified": "False", "blue": "False", "blueType": "None", "descriptionLinks": [{"url": "https://westcoastleaf.org/social-media-policy/", "text": "westcoastleaf.org/social-media-p\u2026", "tcourl": "https://t.co/bWkHNFOQ23"}, {"url": "http://www.westcoastleaf.org/", "text": "westcoastleaf.org", "tcourl": "https://t.co/YsFZCRf9YM"}], "pinnedIds": "[1861100073104322995]", "_type": "snscrape.modules.twitter_api_client.User"}