{"id": "757599222", "id_str": "757599222", "url": "https://x.com/WestEndBIA", "username": "WestEndBIA", "displayname": "The West End", "rawDescription": "Three Great Streets. One Amazing Neighbourhood. #WeAmaze", "created": "2012-08-14 18:02:00+00:00", "followersCount": "5251", "friendsCount": "4954", "statusesCount": "14903", "favouritesCount": "10772", "listedCount": "126", "mediaCount": "3193", "location": "Vancouver, BC, Canada", "profileImageUrl": "https://pbs.twimg.com/profile_images/1410698124172029953/h5PAoWHD_normal.jpg", "profileBannerUrl": "https://pbs.twimg.com/profile_banners/757599222/1649371423", "protected": "None", "verified": "False", "blue": "False", "blueType": "None", "descriptionLinks": [{"url": "https://westendbia.com/", "text": "westendbia.com", "tcourl": "https://t.co/NavHrTGRGE"}], "pinnedIds": "[]", "_type": "snscrape.modules.twitter_api_client.User"}