{"id": "393705173", "id_str": "393705173", "url": "https://x.com/yashalevine", "username": "yashalevine", "displayname": "Yasha Levine", "rawDescription": "trad immigrant. husband. father.", "created": "2011-10-18 23:19:55+00:00", "followersCount": "41674", "friendsCount": "997", "statusesCount": "97516", "favouritesCount": "27347", "listedCount": "745", "mediaCount": "4356", "location": "the future", "profileImageUrl": "https://pbs.twimg.com/profile_images/1881069405871697921/ITNJpRI__normal.jpg", "profileBannerUrl": "https://pbs.twimg.com/profile_banners/393705173/1715369715", "protected": "None", "verified": "False", "blue": "False", "blueType": "None", "descriptionLinks": [{"url": "http://yasha.substack.com", "text": "yasha.substack.com", "tcourl": "https://t.co/sRz3zr8biy"}], "pinnedIds": "[1878207225098834057]", "_type": "snscrape.modules.twitter_api_client.User"}