{"id": "490624228", "id_str": "490624228", "url": "https://x.com/yonkojohn", "username": "yonkojohn", "displayname": "John Smith", "rawDescription": "Canada has to return to honest to goodness government.  No more paid media and no more lies!", "created": "2012-02-12 18:59:35+00:00", "followersCount": "46900", "friendsCount": "11391", "statusesCount": "18865", "favouritesCount": "3933", "listedCount": "81", "mediaCount": "38", "location": "YSB", "profileImageUrl": "https://pbs.twimg.com/profile_images/572423089524514817/M7irEVuu_normal.jpeg", "profileBannerUrl": "None", "protected": "None", "verified": "False", "blue": "True", "blueType": "None", "descriptionLinks": [], "pinnedIds": "[]", "_type": "snscrape.modules.twitter_api_client.User"}